schema_id,test_id,tokens_checked,num_tokens,rejection_ratio,first_rejected_token_index
Kubernetes---kb_1016_Normalized.json,Kubernetes---kb_1016_Normalized.json::test_00000,8,18,0.444444,7
Kubernetes---kb_1019_Normalized.json,Kubernetes---kb_1019_Normalized.json::test_00000,8,18,0.444444,7
Kubernetes---kb_101_Normalized.json,Kubernetes---kb_101_Normalized.json::test_00000,33,70,0.471429,32
Kubernetes---kb_1026_Normalized.json,Kubernetes---kb_1026_Normalized.json::test_00000,52,135,0.385185,51
Kubernetes---kb_1027_Normalized.json,Kubernetes---kb_1027_Normalized.json::test_00000,54,137,0.394161,53
Kubernetes---kb_1028_Normalized.json,Kubernetes---kb_1028_Normalized.json::test_00000,54,119,0.453782,53
Kubernetes---kb_1029_Normalized.json,Kubernetes---kb_1029_Normalized.json::test_00000,62,131,0.473282,61
Kubernetes---kb_102_Normalized.json,Kubernetes---kb_102_Normalized.json::test_00000,33,65,0.507692,32
Kubernetes---kb_1030_Normalized.json,Kubernetes---kb_1030_Normalized.json::test_00000,163,171,0.953216,162
Kubernetes---kb_1031_Normalized.json,Kubernetes---kb_1031_Normalized.json::test_00000,104,112,0.928571,103
Kubernetes---kb_1041_Normalized.json,Kubernetes---kb_1041_Normalized.json::test_00000,99,124,0.798387,98
Kubernetes---kb_1070_Normalized.json,Kubernetes---kb_1070_Normalized.json::test_00000,153,213,0.71831,152
Kubernetes---kb_1071_Normalized.json,Kubernetes---kb_1071_Normalized.json::test_00000,155,283,0.547703,154
Kubernetes---kb_1072_Normalized.json,Kubernetes---kb_1072_Normalized.json::test_00000,49,108,0.453704,48
Kubernetes---kb_1096_Normalized.json,Kubernetes---kb_1096_Normalized.json::test_00000,0,173,0,
Kubernetes---kb_1115_Normalized.json,Kubernetes---kb_1115_Normalized.json::test_00000,47,106,0.443396,46
Kubernetes---kb_1142_Normalized.json,Kubernetes---kb_1142_Normalized.json::test_00000,41,64,0.640625,40
Kubernetes---kb_1142_Normalized.json,Kubernetes---kb_1142_Normalized.json::test_00002,41,63,0.650794,40
Kubernetes---kb_1143_Normalized.json,Kubernetes---kb_1143_Normalized.json::test_00000,41,63,0.650794,40
Kubernetes---kb_1143_Normalized.json,Kubernetes---kb_1143_Normalized.json::test_00002,41,63,0.650794,40
Kubernetes---kb_115_Normalized.json,Kubernetes---kb_115_Normalized.json::test_00000,17,51,0.333333,16
Kubernetes---kb_116_Normalized.json,Kubernetes---kb_116_Normalized.json::test_00000,19,55,0.345455,18
Kubernetes---kb_135_Normalized.json,Kubernetes---kb_135_Normalized.json::test_00000,36,264,0.136364,35
Kubernetes---kb_137_Normalized.json,Kubernetes---kb_137_Normalized.json::test_00000,38,197,0.192893,37
Kubernetes---kb_138_Normalized.json,Kubernetes---kb_138_Normalized.json::test_00000,36,96,0.375,35
Kubernetes---kb_139_Normalized.json,Kubernetes---kb_139_Normalized.json::test_00000,68,176,0.386364,67
Kubernetes---kb_139_Normalized.json,Kubernetes---kb_139_Normalized.json::test_00005,68,256,0.265625,67
Kubernetes---kb_142_Normalized.json,Kubernetes---kb_142_Normalized.json::test_00000,74,229,0.323144,73
Kubernetes---kb_143_Normalized.json,Kubernetes---kb_143_Normalized.json::test_00000,45,76,0.592105,44
Kubernetes---kb_143_Normalized.json,Kubernetes---kb_143_Normalized.json::test_00001,45,96,0.46875,44
Kubernetes---kb_144_Normalized.json,Kubernetes---kb_144_Normalized.json::test_00000,45,76,0.592105,44
Kubernetes---kb_145_Normalized.json,Kubernetes---kb_145_Normalized.json::test_00000,45,78,0.576923,44
Kubernetes---kb_146_Normalized.json,Kubernetes---kb_146_Normalized.json::test_00000,57,119,0.478992,56
Kubernetes---kb_149_Normalized.json,Kubernetes---kb_149_Normalized.json::test_00000,24,87,0.275862,23
Kubernetes---kb_149_Normalized.json,Kubernetes---kb_149_Normalized.json::test_00001,15,65,0.230769,14
Kubernetes---kb_150_Normalized.json,Kubernetes---kb_150_Normalized.json::test_00000,15,59,0.254237,14
Kubernetes---kb_150_Normalized.json,Kubernetes---kb_150_Normalized.json::test_00001,24,83,0.289157,23
Kubernetes---kb_151_Normalized.json,Kubernetes---kb_151_Normalized.json::test_00000,15,65,0.230769,14
Kubernetes---kb_151_Normalized.json,Kubernetes---kb_151_Normalized.json::test_00001,15,59,0.254237,14
Kubernetes---kb_160_Normalized.json,Kubernetes---kb_160_Normalized.json::test_00000,41,83,0.493976,40
Kubernetes---kb_161_Normalized.json,Kubernetes---kb_161_Normalized.json::test_00000,41,83,0.493976,40
Kubernetes---kb_168_Normalized.json,Kubernetes---kb_168_Normalized.json::test_00000,57,397,0.143577,56
Kubernetes---kb_169_Normalized.json,Kubernetes---kb_169_Normalized.json::test_00000,41,150,0.273333,40
Kubernetes---kb_170_Normalized.json,Kubernetes---kb_170_Normalized.json::test_00000,41,151,0.271523,40
Kubernetes---kb_174_Normalized.json,Kubernetes---kb_174_Normalized.json::test_00000,81,390,0.207692,80
Kubernetes---kb_175_Normalized.json,Kubernetes---kb_175_Normalized.json::test_00000,87,311,0.279743,86
Kubernetes---kb_176_Normalized.json,Kubernetes---kb_176_Normalized.json::test_00000,87,401,0.216958,86
Kubernetes---kb_177_Normalized.json,Kubernetes---kb_177_Normalized.json::test_00000,38,94,0.404255,37
Kubernetes---kb_179_Normalized.json,Kubernetes---kb_179_Normalized.json::test_00000,23,95,0.242105,22
Kubernetes---kb_180_Normalized.json,Kubernetes---kb_180_Normalized.json::test_00000,18,141,0.12766,17
Kubernetes---kb_181_Normalized.json,Kubernetes---kb_181_Normalized.json::test_00000,16,127,0.125984,15
Kubernetes---kb_188_Normalized.json,Kubernetes---kb_188_Normalized.json::test_00000,43,54,0.796296,42
Kubernetes---kb_189_Normalized.json,Kubernetes---kb_189_Normalized.json::test_00000,43,54,0.796296,42
Kubernetes---kb_190_Normalized.json,Kubernetes---kb_190_Normalized.json::test_00000,35,146,0.239726,34
Kubernetes---kb_190_Normalized.json,Kubernetes---kb_190_Normalized.json::test_00001,93,146,0.636986,92
Kubernetes---kb_199_Normalized.json,Kubernetes---kb_199_Normalized.json::test_00000,16,43,0.372093,15
Kubernetes---kb_207_Normalized.json,Kubernetes---kb_207_Normalized.json::test_00000,0,157,0,
Kubernetes---kb_216_Normalized.json,Kubernetes---kb_216_Normalized.json::test_00000,22,31,0.709677,21
Kubernetes---kb_249_Normalized.json,Kubernetes---kb_249_Normalized.json::test_00000,52,67,0.776119,51
Kubernetes---kb_24_Normalized.json,Kubernetes---kb_24_Normalized.json::test_00000,96,397,0.241814,95
Kubernetes---kb_251_Normalized.json,Kubernetes---kb_251_Normalized.json::test_00001,90,102,0.882353,89
Kubernetes---kb_255_Normalized.json,Kubernetes---kb_255_Normalized.json::test_00000,90,102,0.882353,89
Kubernetes---kb_25_Normalized.json,Kubernetes---kb_25_Normalized.json::test_00000,109,462,0.235931,108
Kubernetes---kb_26_Normalized.json,Kubernetes---kb_26_Normalized.json::test_00000,99,700,0.141429,98
Kubernetes---kb_304_Normalized.json,Kubernetes---kb_304_Normalized.json::test_00000,33,205,0.160976,32
Kubernetes---kb_305_Normalized.json,Kubernetes---kb_305_Normalized.json::test_00000,33,205,0.160976,32
Kubernetes---kb_311_Normalized.json,Kubernetes---kb_311_Normalized.json::test_00000,313,656,0.477134,312
Kubernetes---kb_323_Normalized.json,Kubernetes---kb_323_Normalized.json::test_00000,78,142,0.549296,77
Kubernetes---kb_335_Normalized.json,Kubernetes---kb_335_Normalized.json::test_00000,35,86,0.406977,34
Kubernetes---kb_336_Normalized.json,Kubernetes---kb_336_Normalized.json::test_00000,35,117,0.299145,34
Kubernetes---kb_336_Normalized.json,Kubernetes---kb_336_Normalized.json::test_00003,244,408,0.598039,243
Kubernetes---kb_366_Normalized.json,Kubernetes---kb_366_Normalized.json::test_00000,173,222,0.779279,172
Kubernetes---kb_366_Normalized.json,Kubernetes---kb_366_Normalized.json::test_00003,179,228,0.785088,178
Kubernetes---kb_367_Normalized.json,Kubernetes---kb_367_Normalized.json::test_00000,173,205,0.843902,172
Kubernetes---kb_368_Normalized.json,Kubernetes---kb_368_Normalized.json::test_00000,133,167,0.796407,132
Kubernetes---kb_375_Normalized.json,Kubernetes---kb_375_Normalized.json::test_00000,13,30,0.433333,12
Kubernetes---kb_376_Normalized.json,Kubernetes---kb_376_Normalized.json::test_00000,13,30,0.433333,12
Kubernetes---kb_377_Normalized.json,Kubernetes---kb_377_Normalized.json::test_00000,15,27,0.555556,14
Kubernetes---kb_378_Normalized.json,Kubernetes---kb_378_Normalized.json::test_00000,19,27,0.703704,18
Kubernetes---kb_389_Normalized.json,Kubernetes---kb_389_Normalized.json::test_00000,39,161,0.242236,38
Kubernetes---kb_403_Normalized.json,Kubernetes---kb_403_Normalized.json::test_00001,173,228,0.758772,172
Kubernetes---kb_436_Normalized.json,Kubernetes---kb_436_Normalized.json::test_00000,64,131,0.48855,63
Kubernetes---kb_436_Normalized.json,Kubernetes---kb_436_Normalized.json::test_00001,64,111,0.576577,63
Kubernetes---kb_437_Normalized.json,Kubernetes---kb_437_Normalized.json::test_00000,69,137,0.50365,68
Kubernetes---kb_437_Normalized.json,Kubernetes---kb_437_Normalized.json::test_00001,69,136,0.507353,68
Kubernetes---kb_438_Normalized.json,Kubernetes---kb_438_Normalized.json::test_00000,84,151,0.556291,83
Kubernetes---kb_438_Normalized.json,Kubernetes---kb_438_Normalized.json::test_00001,69,136,0.507353,68
Kubernetes---kb_442_Normalized.json,Kubernetes---kb_442_Normalized.json::test_00000,44,112,0.392857,43
Kubernetes---kb_443_Normalized.json,Kubernetes---kb_443_Normalized.json::test_00000,44,112,0.392857,43
Kubernetes---kb_448_Normalized.json,Kubernetes---kb_448_Normalized.json::test_00000,66,157,0.420382,65
Kubernetes---kb_449_Normalized.json,Kubernetes---kb_449_Normalized.json::test_00000,93,159,0.584906,92
Kubernetes---kb_449_Normalized.json,Kubernetes---kb_449_Normalized.json::test_00001,76,142,0.535211,75
Kubernetes---kb_454_Normalized.json,Kubernetes---kb_454_Normalized.json::test_00000,54,96,0.5625,53
Kubernetes---kb_454_Normalized.json,Kubernetes---kb_454_Normalized.json::test_00001,34,74,0.459459,33
Kubernetes---kb_455_Normalized.json,Kubernetes---kb_455_Normalized.json::test_00000,54,96,0.5625,53
Kubernetes---kb_455_Normalized.json,Kubernetes---kb_455_Normalized.json::test_00001,34,76,0.447368,33
Kubernetes---kb_456_Normalized.json,Kubernetes---kb_456_Normalized.json::test_00000,30,82,0.365854,29
Kubernetes---kb_456_Normalized.json,Kubernetes---kb_456_Normalized.json::test_00001,30,80,0.375,29
Kubernetes---kb_45_Normalized.json,Kubernetes---kb_45_Normalized.json::test_00000,101,152,0.664474,100
Kubernetes---kb_46_Normalized.json,Kubernetes---kb_46_Normalized.json::test_00000,95,162,0.58642,94
Kubernetes---kb_476_Normalized.json,Kubernetes---kb_476_Normalized.json::test_00000,45,70,0.642857,44
Kubernetes---kb_47_Normalized.json,Kubernetes---kb_47_Normalized.json::test_00001,6948,6980,0.995415,6947
Kubernetes---kb_488_Normalized.json,Kubernetes---kb_488_Normalized.json::test_00001,54,69,0.782609,53
Kubernetes---kb_489_Normalized.json,Kubernetes---kb_489_Normalized.json::test_00000,53,68,0.779412,52
Kubernetes---kb_489_Normalized.json,Kubernetes---kb_489_Normalized.json::test_00001,45,60,0.75,44
Kubernetes---kb_48_Normalized.json,Kubernetes---kb_48_Normalized.json::test_00001,509,526,0.967681,508
Kubernetes---kb_490_Normalized.json,Kubernetes---kb_490_Normalized.json::test_00000,77,92,0.836957,76
Kubernetes---kb_490_Normalized.json,Kubernetes---kb_490_Normalized.json::test_00001,66,81,0.814815,65
Kubernetes---kb_49_Normalized.json,Kubernetes---kb_49_Normalized.json::test_00000,11,30,0.366667,10
Kubernetes---kb_4_Normalized.json,Kubernetes---kb_4_Normalized.json::test_00000,22,104,0.211538,21
Kubernetes---kb_50_Normalized.json,Kubernetes---kb_50_Normalized.json::test_00000,11,30,0.366667,10
Kubernetes---kb_512_Normalized.json,Kubernetes---kb_512_Normalized.json::test_00000,40,180,0.222222,39
Kubernetes---kb_513_Normalized.json,Kubernetes---kb_513_Normalized.json::test_00000,42,144,0.291667,41
Kubernetes---kb_514_Normalized.json,Kubernetes---kb_514_Normalized.json::test_00000,42,144,0.291667,41
Kubernetes---kb_523_Normalized.json,Kubernetes---kb_523_Normalized.json::test_00000,19,45,0.422222,18
Kubernetes---kb_524_Normalized.json,Kubernetes---kb_524_Normalized.json::test_00000,19,45,0.422222,18
Kubernetes---kb_533_Normalized.json,Kubernetes---kb_533_Normalized.json::test_00000,6,32,0.1875,5
Kubernetes---kb_534_Normalized.json,Kubernetes---kb_534_Normalized.json::test_00000,6,32,0.1875,5
Kubernetes---kb_546_Normalized.json,Kubernetes---kb_546_Normalized.json::test_00000,7,15,0.466667,6
Kubernetes---kb_547_Normalized.json,Kubernetes---kb_547_Normalized.json::test_00000,7,15,0.466667,6
Kubernetes---kb_548_Normalized.json,Kubernetes---kb_548_Normalized.json::test_00000,43,80,0.5375,42
Kubernetes---kb_549_Normalized.json,Kubernetes---kb_549_Normalized.json::test_00000,43,85,0.505882,42
Kubernetes---kb_549_Normalized.json,Kubernetes---kb_549_Normalized.json::test_00002,50,104,0.480769,49
Kubernetes---kb_550_Normalized.json,Kubernetes---kb_550_Normalized.json::test_00000,28,84,0.333333,27
Kubernetes---kb_551_Normalized.json,Kubernetes---kb_551_Normalized.json::test_00000,28,68,0.411765,27
Kubernetes---kb_573_Normalized.json,Kubernetes---kb_573_Normalized.json::test_00000,27,172,0.156977,26
Kubernetes---kb_574_Normalized.json,Kubernetes---kb_574_Normalized.json::test_00000,27,179,0.150838,26
Kubernetes---kb_57_Normalized.json,Kubernetes---kb_57_Normalized.json::test_00000,32,79,0.405063,31
Kubernetes---kb_58_Normalized.json,Kubernetes---kb_58_Normalized.json::test_00000,32,104,0.307692,31
Kubernetes---kb_5_Normalized.json,Kubernetes---kb_5_Normalized.json::test_00000,22,103,0.213592,21
Kubernetes---kb_610_Normalized.json,Kubernetes---kb_610_Normalized.json::test_00000,16,145,0.110345,15
Kubernetes---kb_610_Normalized.json,Kubernetes---kb_610_Normalized.json::test_00003,16,142,0.112676,15
Kubernetes---kb_611_Normalized.json,Kubernetes---kb_611_Normalized.json::test_00003,16,139,0.115108,15
Kubernetes---kb_620_Normalized.json,Kubernetes---kb_620_Normalized.json::test_00000,873,1392,0.627155,872
Kubernetes---kb_644_Normalized.json,Kubernetes---kb_644_Normalized.json::test_00000,2,336,0.00595238,1
Kubernetes---kb_644_Normalized.json,Kubernetes---kb_644_Normalized.json::test_00001,2,1515,0.00132013,1
Kubernetes---kb_645_Normalized.json,Kubernetes---kb_645_Normalized.json::test_00000,2,374,0.00534759,1
Kubernetes---kb_645_Normalized.json,Kubernetes---kb_645_Normalized.json::test_00001,2,853,0.00234467,1
Kubernetes---kb_657_Normalized.json,Kubernetes---kb_657_Normalized.json::test_00000,44,57,0.77193,43
Kubernetes---kb_658_Normalized.json,Kubernetes---kb_658_Normalized.json::test_00000,44,113,0.389381,43
Kubernetes---kb_661_Normalized.json,Kubernetes---kb_661_Normalized.json::test_00000,77,142,0.542254,76
Kubernetes---kb_661_Normalized.json,Kubernetes---kb_661_Normalized.json::test_00001,71,127,0.559055,70
Kubernetes---kb_662_Normalized.json,Kubernetes---kb_662_Normalized.json::test_00000,80,129,0.620155,79
Kubernetes---kb_662_Normalized.json,Kubernetes---kb_662_Normalized.json::test_00001,71,120,0.591667,70
Kubernetes---kb_675_Normalized.json,Kubernetes---kb_675_Normalized.json::test_00000,86,165,0.521212,85
Kubernetes---kb_675_Normalized.json,Kubernetes---kb_675_Normalized.json::test_00001,83,171,0.48538,82
Kubernetes---kb_676_Normalized.json,Kubernetes---kb_676_Normalized.json::test_00000,83,170,0.488235,82
Kubernetes---kb_677_Normalized.json,Kubernetes---kb_677_Normalized.json::test_00001,2,121,0.0165289,1
Kubernetes---kb_681_Normalized.json,Kubernetes---kb_681_Normalized.json::test_00000,10,18,0.555556,9
Kubernetes---kb_682_Normalized.json,Kubernetes---kb_682_Normalized.json::test_00000,10,18,0.555556,9
Kubernetes---kb_687_Normalized.json,Kubernetes---kb_687_Normalized.json::test_00000,21,70,0.3,20
Kubernetes---kb_688_Normalized.json,Kubernetes---kb_688_Normalized.json::test_00000,21,70,0.3,20
Kubernetes---kb_699_Normalized.json,Kubernetes---kb_699_Normalized.json::test_00000,38,84,0.452381,37
Kubernetes---kb_734_Normalized.json,Kubernetes---kb_734_Normalized.json::test_00001,33,2350,0.0140426,32
Kubernetes---kb_740_Normalized.json,Kubernetes---kb_740_Normalized.json::test_00000,88,127,0.692913,87
Kubernetes---kb_741_Normalized.json,Kubernetes---kb_741_Normalized.json::test_00000,94,133,0.706767,93
Kubernetes---kb_742_Normalized.json,Kubernetes---kb_742_Normalized.json::test_00000,44,58,0.758621,43
Kubernetes---kb_743_Normalized.json,Kubernetes---kb_743_Normalized.json::test_00000,44,58,0.758621,43
Kubernetes---kb_750_Normalized.json,Kubernetes---kb_750_Normalized.json::test_00000,27,137,0.19708,26
Kubernetes---kb_753_Normalized.json,Kubernetes---kb_753_Normalized.json::test_00000,13,26,0.5,12
Kubernetes---kb_758_Normalized.json,Kubernetes---kb_758_Normalized.json::test_00000,40,95,0.421053,39
Kubernetes---kb_759_Normalized.json,Kubernetes---kb_759_Normalized.json::test_00000,43,101,0.425743,42
Kubernetes---kb_760_Normalized.json,Kubernetes---kb_760_Normalized.json::test_00000,104,418,0.248804,103
Kubernetes---kb_760_Normalized.json,Kubernetes---kb_760_Normalized.json::test_00005,92,202,0.455446,91
Kubernetes---kb_766_Normalized.json,Kubernetes---kb_766_Normalized.json::test_00000,56,105,0.533333,55
Kubernetes---kb_770_Normalized.json,Kubernetes---kb_770_Normalized.json::test_00000,84,140,0.6,83
Kubernetes---kb_771_Normalized.json,Kubernetes---kb_771_Normalized.json::test_00000,84,159,0.528302,83
Kubernetes---kb_771_Normalized.json,Kubernetes---kb_771_Normalized.json::test_00004,84,140,0.6,83
Kubernetes---kb_774_Normalized.json,Kubernetes---kb_774_Normalized.json::test_00000,6,54,0.111111,5
Kubernetes---kb_775_Normalized.json,Kubernetes---kb_775_Normalized.json::test_00000,6,54,0.111111,5
Kubernetes---kb_786_Normalized.json,Kubernetes---kb_786_Normalized.json::test_00000,23,50,0.46,22
Kubernetes---kb_787_Normalized.json,Kubernetes---kb_787_Normalized.json::test_00000,23,50,0.46,22
Kubernetes---kb_78_Normalized.json,Kubernetes---kb_78_Normalized.json::test_00000,11,42,0.261905,10
Kubernetes---kb_808_Normalized.json,Kubernetes---kb_808_Normalized.json::test_00000,2,92,0.0217391,1
Kubernetes---kb_808_Normalized.json,Kubernetes---kb_808_Normalized.json::test_00001,2,103,0.0194175,1
Kubernetes---kb_815_Normalized.json,Kubernetes---kb_815_Normalized.json::test_00000,92,104,0.884615,91
Kubernetes---kb_818_Normalized.json,Kubernetes---kb_818_Normalized.json::test_00000,78,126,0.619048,77
Kubernetes---kb_820_Normalized.json,Kubernetes---kb_820_Normalized.json::test_00000,2,59,0.0338983,1
Kubernetes---kb_820_Normalized.json,Kubernetes---kb_820_Normalized.json::test_00001,2,47,0.0425532,1
Kubernetes---kb_821_Normalized.json,Kubernetes---kb_821_Normalized.json::test_00000,2,47,0.0425532,1
Kubernetes---kb_821_Normalized.json,Kubernetes---kb_821_Normalized.json::test_00001,2,59,0.0338983,1
Kubernetes---kb_822_Normalized.json,Kubernetes---kb_822_Normalized.json::test_00000,7,151,0.0463576,6
Kubernetes---kb_823_Normalized.json,Kubernetes---kb_823_Normalized.json::test_00000,7,149,0.0469799,6
Kubernetes---kb_835_Normalized.json,Kubernetes---kb_835_Normalized.json::test_00000,29,46,0.630435,28
Kubernetes---kb_848_Normalized.json,Kubernetes---kb_848_Normalized.json::test_00000,38,50,0.76,37
Kubernetes---kb_84_Normalized.json,Kubernetes---kb_84_Normalized.json::test_00000,43,140,0.307143,42
Kubernetes---kb_854_Normalized.json,Kubernetes---kb_854_Normalized.json::test_00000,41,161,0.254658,40
Kubernetes---kb_856_Normalized.json,Kubernetes---kb_856_Normalized.json::test_00000,43,145,0.296552,42
Kubernetes---kb_857_Normalized.json,Kubernetes---kb_857_Normalized.json::test_00000,43,137,0.313869,42
Kubernetes---kb_88_Normalized.json,Kubernetes---kb_88_Normalized.json::test_00000,77,291,0.264605,76
Kubernetes---kb_89_Normalized.json,Kubernetes---kb_89_Normalized.json::test_00000,45,166,0.271084,44
Kubernetes---kb_909_Normalized.json,Kubernetes---kb_909_Normalized.json::test_00000,34,70,0.485714,33
Kubernetes---kb_90_Normalized.json,Kubernetes---kb_90_Normalized.json::test_00000,45,167,0.269461,44
Kubernetes---kb_911_Normalized.json,Kubernetes---kb_911_Normalized.json::test_00000,34,70,0.485714,33
Kubernetes---kb_912_Normalized.json,Kubernetes---kb_912_Normalized.json::test_00000,40,99,0.40404,39
Kubernetes---kb_913_Normalized.json,Kubernetes---kb_913_Normalized.json::test_00000,40,99,0.40404,39
Kubernetes---kb_914_Normalized.json,Kubernetes---kb_914_Normalized.json::test_00000,34,94,0.361702,33
Kubernetes---kb_915_Normalized.json,Kubernetes---kb_915_Normalized.json::test_00000,34,94,0.361702,33
Kubernetes---kb_926_Normalized.json,Kubernetes---kb_926_Normalized.json::test_00000,48,93,0.516129,47
Kubernetes---kb_928_Normalized.json,Kubernetes---kb_928_Normalized.json::test_00000,48,93,0.516129,47
Kubernetes---kb_941_Normalized.json,Kubernetes---kb_941_Normalized.json::test_00000,19,54,0.351852,18
Kubernetes---kb_942_Normalized.json,Kubernetes---kb_942_Normalized.json::test_00000,17,50,0.34,16
Kubernetes---kb_955_Normalized.json,Kubernetes---kb_955_Normalized.json::test_00000,76,131,0.580153,75
Kubernetes---kb_957_Normalized.json,Kubernetes---kb_957_Normalized.json::test_00000,73,141,0.51773,72
Kubernetes---kb_970_Normalized.json,Kubernetes---kb_970_Normalized.json::test_00000,34,79,0.43038,33
Kubernetes---kb_971_Normalized.json,Kubernetes---kb_971_Normalized.json::test_00000,34,79,0.43038,33
Kubernetes---kb_973_Normalized.json,Kubernetes---kb_973_Normalized.json::test_00004,199,526,0.378327,198
Kubernetes---kb_996_Normalized.json,Kubernetes---kb_996_Normalized.json::test_00000,130,164,0.792683,129
Kubernetes---kb_999_Normalized.json,Kubernetes---kb_999_Normalized.json::test_00000,105,139,0.755396,104
