context_family,context_feature,context_value,schema_id,test_id,test_index,expected_validity,outlines_result,failure_type,important_feature_values,schema_path,instance_preview
combinators,allOf_satisfied_branch_count_bucket,0,Kubernetes---kb_0_Normalized.json,Kubernetes---kb_0_Normalized.json::test_00002,2,invalid,rejected,CORRECT_INVALID,allOf_satisfied_branch_count_bucket=0; numeric_boundary_case=not_applicable; numeric_target_type=absent; numeric_parent_keyword=absent; additionalProperties_value=absent; instance_has_unmatched_keys=false; instance_matching_pattern_keys_count=0; combinator_type=absent; combinator_branch_count_bucket=0; oneOf_satisfied_branch_count_bucket=0; anyOf_satisfied_branch_count_bucket=0,/home/berrais/stage/jsonschemabench/maskbench/data/Kubernetes---kb_0_Normalized.json,"{""nodeAffinity"": {""preferredDuringSchedulingIgnoredDuringExecution"": [{""preference"": {""matchExpressions"": [{""key"": ""kubernetes.io/hostname"", ""operator"": ""In"", ""values"": [""node1"", 123]}]}, ""weight"": 10}], ""requiredDuringSchedulingIgnoredDuringExecution"": {""n..."
combinators,allOf_satisfied_branch_count_bucket,0,Kubernetes---kb_1000_Normalized.json,Kubernetes---kb_1000_Normalized.json::test_00001,1,invalid,rejected,CORRECT_INVALID,allOf_satisfied_branch_count_bucket=0; numeric_boundary_case=not_applicable; numeric_target_type=absent; numeric_parent_keyword=absent; additionalProperties_value=absent; instance_has_unmatched_keys=false; instance_matching_pattern_keys_count=0; combinator_type=absent; combinator_branch_count_bucket=0; oneOf_satisfied_branch_count_bucket=0; anyOf_satisfied_branch_count_bucket=0,/home/berrais/stage/jsonschemabench/maskbench/data/Kubernetes---kb_1000_Normalized.json,"{""lastTransitionTime"": ""2022-01-01T12:00:00Z"", ""message"": 123, ""reason"": ""StatefulSetRunning"", ""status"": ""True"", ""type"": ""Available""}"
combinators,allOf_satisfied_branch_count_bucket,0,Kubernetes---kb_1000_Normalized.json,Kubernetes---kb_1000_Normalized.json::test_00003,3,invalid,rejected,CORRECT_INVALID,allOf_satisfied_branch_count_bucket=0; numeric_boundary_case=not_applicable; numeric_target_type=absent; numeric_parent_keyword=absent; additionalProperties_value=absent; instance_has_unmatched_keys=true; instance_matching_pattern_keys_count=0; combinator_type=absent; combinator_branch_count_bucket=0; oneOf_satisfied_branch_count_bucket=0; anyOf_satisfied_branch_count_bucket=0,/home/berrais/stage/jsonschemabench/maskbench/data/Kubernetes---kb_1000_Normalized.json,"{""lastTransitionTime"": ""2022-01-01T12:00:00Z"", ""message"": ""StatefulSet is running"", ""reason"": 12345, ""status"": ""True"", ""type"": ""Available"", ""type2"": ""Available2""}"
combinators,allOf_satisfied_branch_ratio,absent,Kubernetes---kb_0_Normalized.json,Kubernetes---kb_0_Normalized.json::test_00002,2,invalid,rejected,CORRECT_INVALID,numeric_boundary_case=not_applicable; numeric_target_type=absent; numeric_parent_keyword=absent; additionalProperties_value=absent; instance_has_unmatched_keys=false; instance_matching_pattern_keys_count=0; combinator_type=absent; combinator_branch_count_bucket=0; oneOf_satisfied_branch_count_bucket=0; anyOf_satisfied_branch_count_bucket=0,/home/berrais/stage/jsonschemabench/maskbench/data/Kubernetes---kb_0_Normalized.json,"{""nodeAffinity"": {""preferredDuringSchedulingIgnoredDuringExecution"": [{""preference"": {""matchExpressions"": [{""key"": ""kubernetes.io/hostname"", ""operator"": ""In"", ""values"": [""node1"", 123]}]}, ""weight"": 10}], ""requiredDuringSchedulingIgnoredDuringExecution"": {""n..."
combinators,allOf_satisfied_branch_ratio,absent,Kubernetes---kb_1000_Normalized.json,Kubernetes---kb_1000_Normalized.json::test_00001,1,invalid,rejected,CORRECT_INVALID,numeric_boundary_case=not_applicable; numeric_target_type=absent; numeric_parent_keyword=absent; additionalProperties_value=absent; instance_has_unmatched_keys=false; instance_matching_pattern_keys_count=0; combinator_type=absent; combinator_branch_count_bucket=0; oneOf_satisfied_branch_count_bucket=0; anyOf_satisfied_branch_count_bucket=0,/home/berrais/stage/jsonschemabench/maskbench/data/Kubernetes---kb_1000_Normalized.json,"{""lastTransitionTime"": ""2022-01-01T12:00:00Z"", ""message"": 123, ""reason"": ""StatefulSetRunning"", ""status"": ""True"", ""type"": ""Available""}"
combinators,allOf_satisfied_branch_ratio,absent,Kubernetes---kb_1000_Normalized.json,Kubernetes---kb_1000_Normalized.json::test_00003,3,invalid,rejected,CORRECT_INVALID,numeric_boundary_case=not_applicable; numeric_target_type=absent; numeric_parent_keyword=absent; additionalProperties_value=absent; instance_has_unmatched_keys=true; instance_matching_pattern_keys_count=0; combinator_type=absent; combinator_branch_count_bucket=0; oneOf_satisfied_branch_count_bucket=0; anyOf_satisfied_branch_count_bucket=0,/home/berrais/stage/jsonschemabench/maskbench/data/Kubernetes---kb_1000_Normalized.json,"{""lastTransitionTime"": ""2022-01-01T12:00:00Z"", ""message"": ""StatefulSet is running"", ""reason"": 12345, ""status"": ""True"", ""type"": ""Available"", ""type2"": ""Available2""}"
combinators,anyOf_satisfied_branch_count,0,Kubernetes---kb_0_Normalized.json,Kubernetes---kb_0_Normalized.json::test_00002,2,invalid,rejected,CORRECT_INVALID,anyOf_satisfied_branch_count=0; numeric_boundary_case=not_applicable; numeric_target_type=absent; numeric_parent_keyword=absent; additionalProperties_value=absent; instance_has_unmatched_keys=false; instance_matching_pattern_keys_count=0; combinator_type=absent; combinator_branch_count_bucket=0; oneOf_satisfied_branch_count_bucket=0; anyOf_satisfied_branch_count_bucket=0,/home/berrais/stage/jsonschemabench/maskbench/data/Kubernetes---kb_0_Normalized.json,"{""nodeAffinity"": {""preferredDuringSchedulingIgnoredDuringExecution"": [{""preference"": {""matchExpressions"": [{""key"": ""kubernetes.io/hostname"", ""operator"": ""In"", ""values"": [""node1"", 123]}]}, ""weight"": 10}], ""requiredDuringSchedulingIgnoredDuringExecution"": {""n..."
combinators,anyOf_satisfied_branch_count,0,Kubernetes---kb_1000_Normalized.json,Kubernetes---kb_1000_Normalized.json::test_00001,1,invalid,rejected,CORRECT_INVALID,anyOf_satisfied_branch_count=0; numeric_boundary_case=not_applicable; numeric_target_type=absent; numeric_parent_keyword=absent; additionalProperties_value=absent; instance_has_unmatched_keys=false; instance_matching_pattern_keys_count=0; combinator_type=absent; combinator_branch_count_bucket=0; oneOf_satisfied_branch_count_bucket=0; anyOf_satisfied_branch_count_bucket=0,/home/berrais/stage/jsonschemabench/maskbench/data/Kubernetes---kb_1000_Normalized.json,"{""lastTransitionTime"": ""2022-01-01T12:00:00Z"", ""message"": 123, ""reason"": ""StatefulSetRunning"", ""status"": ""True"", ""type"": ""Available""}"
combinators,anyOf_satisfied_branch_count,0,Kubernetes---kb_1000_Normalized.json,Kubernetes---kb_1000_Normalized.json::test_00003,3,invalid,rejected,CORRECT_INVALID,anyOf_satisfied_branch_count=0; numeric_boundary_case=not_applicable; numeric_target_type=absent; numeric_parent_keyword=absent; additionalProperties_value=absent; instance_has_unmatched_keys=true; instance_matching_pattern_keys_count=0; combinator_type=absent; combinator_branch_count_bucket=0; oneOf_satisfied_branch_count_bucket=0; anyOf_satisfied_branch_count_bucket=0,/home/berrais/stage/jsonschemabench/maskbench/data/Kubernetes---kb_1000_Normalized.json,"{""lastTransitionTime"": ""2022-01-01T12:00:00Z"", ""message"": ""StatefulSet is running"", ""reason"": 12345, ""status"": ""True"", ""type"": ""Available"", ""type2"": ""Available2""}"
combinators,anyOf_satisfied_branch_count_bucket,0,Kubernetes---kb_0_Normalized.json,Kubernetes---kb_0_Normalized.json::test_00002,2,invalid,rejected,CORRECT_INVALID,anyOf_satisfied_branch_count_bucket=0; numeric_boundary_case=not_applicable; numeric_target_type=absent; numeric_parent_keyword=absent; additionalProperties_value=absent; instance_has_unmatched_keys=false; instance_matching_pattern_keys_count=0; combinator_type=absent; combinator_branch_count_bucket=0; oneOf_satisfied_branch_count_bucket=0,/home/berrais/stage/jsonschemabench/maskbench/data/Kubernetes---kb_0_Normalized.json,"{""nodeAffinity"": {""preferredDuringSchedulingIgnoredDuringExecution"": [{""preference"": {""matchExpressions"": [{""key"": ""kubernetes.io/hostname"", ""operator"": ""In"", ""values"": [""node1"", 123]}]}, ""weight"": 10}], ""requiredDuringSchedulingIgnoredDuringExecution"": {""n..."
combinators,anyOf_satisfied_branch_count_bucket,0,Kubernetes---kb_1000_Normalized.json,Kubernetes---kb_1000_Normalized.json::test_00001,1,invalid,rejected,CORRECT_INVALID,anyOf_satisfied_branch_count_bucket=0; numeric_boundary_case=not_applicable; numeric_target_type=absent; numeric_parent_keyword=absent; additionalProperties_value=absent; instance_has_unmatched_keys=false; instance_matching_pattern_keys_count=0; combinator_type=absent; combinator_branch_count_bucket=0; oneOf_satisfied_branch_count_bucket=0,/home/berrais/stage/jsonschemabench/maskbench/data/Kubernetes---kb_1000_Normalized.json,"{""lastTransitionTime"": ""2022-01-01T12:00:00Z"", ""message"": 123, ""reason"": ""StatefulSetRunning"", ""status"": ""True"", ""type"": ""Available""}"
combinators,anyOf_satisfied_branch_count_bucket,0,Kubernetes---kb_1000_Normalized.json,Kubernetes---kb_1000_Normalized.json::test_00003,3,invalid,rejected,CORRECT_INVALID,anyOf_satisfied_branch_count_bucket=0; numeric_boundary_case=not_applicable; numeric_target_type=absent; numeric_parent_keyword=absent; additionalProperties_value=absent; instance_has_unmatched_keys=true; instance_matching_pattern_keys_count=0; combinator_type=absent; combinator_branch_count_bucket=0; oneOf_satisfied_branch_count_bucket=0,/home/berrais/stage/jsonschemabench/maskbench/data/Kubernetes---kb_1000_Normalized.json,"{""lastTransitionTime"": ""2022-01-01T12:00:00Z"", ""message"": ""StatefulSet is running"", ""reason"": 12345, ""status"": ""True"", ""type"": ""Available"", ""type2"": ""Available2""}"
combinators,branches_conflicting_types,false,Kubernetes---kb_0_Normalized.json,Kubernetes---kb_0_Normalized.json::test_00002,2,invalid,rejected,CORRECT_INVALID,branches_conflicting_types=false; numeric_boundary_case=not_applicable; numeric_target_type=absent; numeric_parent_keyword=absent; additionalProperties_value=absent; instance_has_unmatched_keys=false; instance_matching_pattern_keys_count=0; combinator_type=absent; combinator_branch_count_bucket=0; oneOf_satisfied_branch_count_bucket=0; anyOf_satisfied_branch_count_bucket=0,/home/berrais/stage/jsonschemabench/maskbench/data/Kubernetes---kb_0_Normalized.json,"{""nodeAffinity"": {""preferredDuringSchedulingIgnoredDuringExecution"": [{""preference"": {""matchExpressions"": [{""key"": ""kubernetes.io/hostname"", ""operator"": ""In"", ""values"": [""node1"", 123]}]}, ""weight"": 10}], ""requiredDuringSchedulingIgnoredDuringExecution"": {""n..."
combinators,branches_conflicting_types,false,Kubernetes---kb_1000_Normalized.json,Kubernetes---kb_1000_Normalized.json::test_00001,1,invalid,rejected,CORRECT_INVALID,branches_conflicting_types=false; numeric_boundary_case=not_applicable; numeric_target_type=absent; numeric_parent_keyword=absent; additionalProperties_value=absent; instance_has_unmatched_keys=false; instance_matching_pattern_keys_count=0; combinator_type=absent; combinator_branch_count_bucket=0; oneOf_satisfied_branch_count_bucket=0; anyOf_satisfied_branch_count_bucket=0,/home/berrais/stage/jsonschemabench/maskbench/data/Kubernetes---kb_1000_Normalized.json,"{""lastTransitionTime"": ""2022-01-01T12:00:00Z"", ""message"": 123, ""reason"": ""StatefulSetRunning"", ""status"": ""True"", ""type"": ""Available""}"
combinators,branches_conflicting_types,false,Kubernetes---kb_1000_Normalized.json,Kubernetes---kb_1000_Normalized.json::test_00003,3,invalid,rejected,CORRECT_INVALID,branches_conflicting_types=false; numeric_boundary_case=not_applicable; numeric_target_type=absent; numeric_parent_keyword=absent; additionalProperties_value=absent; instance_has_unmatched_keys=true; instance_matching_pattern_keys_count=0; combinator_type=absent; combinator_branch_count_bucket=0; oneOf_satisfied_branch_count_bucket=0; anyOf_satisfied_branch_count_bucket=0,/home/berrais/stage/jsonschemabench/maskbench/data/Kubernetes---kb_1000_Normalized.json,"{""lastTransitionTime"": ""2022-01-01T12:00:00Z"", ""message"": ""StatefulSet is running"", ""reason"": 12345, ""status"": ""True"", ""type"": ""Available"", ""type2"": ""Available2""}"
combinators,branches_have_enum,false,Kubernetes---kb_0_Normalized.json,Kubernetes---kb_0_Normalized.json::test_00002,2,invalid,rejected,CORRECT_INVALID,branches_have_enum=false; numeric_boundary_case=not_applicable; numeric_target_type=absent; numeric_parent_keyword=absent; additionalProperties_value=absent; instance_has_unmatched_keys=false; instance_matching_pattern_keys_count=0; combinator_type=absent; combinator_branch_count_bucket=0; oneOf_satisfied_branch_count_bucket=0; anyOf_satisfied_branch_count_bucket=0,/home/berrais/stage/jsonschemabench/maskbench/data/Kubernetes---kb_0_Normalized.json,"{""nodeAffinity"": {""preferredDuringSchedulingIgnoredDuringExecution"": [{""preference"": {""matchExpressions"": [{""key"": ""kubernetes.io/hostname"", ""operator"": ""In"", ""values"": [""node1"", 123]}]}, ""weight"": 10}], ""requiredDuringSchedulingIgnoredDuringExecution"": {""n..."
combinators,branches_have_enum,false,Kubernetes---kb_1000_Normalized.json,Kubernetes---kb_1000_Normalized.json::test_00001,1,invalid,rejected,CORRECT_INVALID,branches_have_enum=false; numeric_boundary_case=not_applicable; numeric_target_type=absent; numeric_parent_keyword=absent; additionalProperties_value=absent; instance_has_unmatched_keys=false; instance_matching_pattern_keys_count=0; combinator_type=absent; combinator_branch_count_bucket=0; oneOf_satisfied_branch_count_bucket=0; anyOf_satisfied_branch_count_bucket=0,/home/berrais/stage/jsonschemabench/maskbench/data/Kubernetes---kb_1000_Normalized.json,"{""lastTransitionTime"": ""2022-01-01T12:00:00Z"", ""message"": 123, ""reason"": ""StatefulSetRunning"", ""status"": ""True"", ""type"": ""Available""}"
combinators,branches_have_enum,false,Kubernetes---kb_1000_Normalized.json,Kubernetes---kb_1000_Normalized.json::test_00003,3,invalid,rejected,CORRECT_INVALID,branches_have_enum=false; numeric_boundary_case=not_applicable; numeric_target_type=absent; numeric_parent_keyword=absent; additionalProperties_value=absent; instance_has_unmatched_keys=true; instance_matching_pattern_keys_count=0; combinator_type=absent; combinator_branch_count_bucket=0; oneOf_satisfied_branch_count_bucket=0; anyOf_satisfied_branch_count_bucket=0,/home/berrais/stage/jsonschemabench/maskbench/data/Kubernetes---kb_1000_Normalized.json,"{""lastTransitionTime"": ""2022-01-01T12:00:00Z"", ""message"": ""StatefulSet is running"", ""reason"": 12345, ""status"": ""True"", ""type"": ""Available"", ""type2"": ""Available2""}"
combinators,branches_have_not,false,Kubernetes---kb_0_Normalized.json,Kubernetes---kb_0_Normalized.json::test_00002,2,invalid,rejected,CORRECT_INVALID,branches_have_not=false; numeric_boundary_case=not_applicable; numeric_target_type=absent; numeric_parent_keyword=absent; additionalProperties_value=absent; instance_has_unmatched_keys=false; instance_matching_pattern_keys_count=0; combinator_type=absent; combinator_branch_count_bucket=0; oneOf_satisfied_branch_count_bucket=0; anyOf_satisfied_branch_count_bucket=0,/home/berrais/stage/jsonschemabench/maskbench/data/Kubernetes---kb_0_Normalized.json,"{""nodeAffinity"": {""preferredDuringSchedulingIgnoredDuringExecution"": [{""preference"": {""matchExpressions"": [{""key"": ""kubernetes.io/hostname"", ""operator"": ""In"", ""values"": [""node1"", 123]}]}, ""weight"": 10}], ""requiredDuringSchedulingIgnoredDuringExecution"": {""n..."
combinators,branches_have_not,false,Kubernetes---kb_1000_Normalized.json,Kubernetes---kb_1000_Normalized.json::test_00001,1,invalid,rejected,CORRECT_INVALID,branches_have_not=false; numeric_boundary_case=not_applicable; numeric_target_type=absent; numeric_parent_keyword=absent; additionalProperties_value=absent; instance_has_unmatched_keys=false; instance_matching_pattern_keys_count=0; combinator_type=absent; combinator_branch_count_bucket=0; oneOf_satisfied_branch_count_bucket=0; anyOf_satisfied_branch_count_bucket=0,/home/berrais/stage/jsonschemabench/maskbench/data/Kubernetes---kb_1000_Normalized.json,"{""lastTransitionTime"": ""2022-01-01T12:00:00Z"", ""message"": 123, ""reason"": ""StatefulSetRunning"", ""status"": ""True"", ""type"": ""Available""}"
combinators,branches_have_not,false,Kubernetes---kb_1000_Normalized.json,Kubernetes---kb_1000_Normalized.json::test_00003,3,invalid,rejected,CORRECT_INVALID,branches_have_not=false; numeric_boundary_case=not_applicable; numeric_target_type=absent; numeric_parent_keyword=absent; additionalProperties_value=absent; instance_has_unmatched_keys=true; instance_matching_pattern_keys_count=0; combinator_type=absent; combinator_branch_count_bucket=0; oneOf_satisfied_branch_count_bucket=0; anyOf_satisfied_branch_count_bucket=0,/home/berrais/stage/jsonschemabench/maskbench/data/Kubernetes---kb_1000_Normalized.json,"{""lastTransitionTime"": ""2022-01-01T12:00:00Z"", ""message"": ""StatefulSet is running"", ""reason"": 12345, ""status"": ""True"", ""type"": ""Available"", ""type2"": ""Available2""}"
combinators,branches_have_properties,false,Kubernetes---kb_0_Normalized.json,Kubernetes---kb_0_Normalized.json::test_00002,2,invalid,rejected,CORRECT_INVALID,branches_have_properties=false; numeric_boundary_case=not_applicable; numeric_target_type=absent; numeric_parent_keyword=absent; additionalProperties_value=absent; instance_has_unmatched_keys=false; instance_matching_pattern_keys_count=0; combinator_type=absent; combinator_branch_count_bucket=0; oneOf_satisfied_branch_count_bucket=0; anyOf_satisfied_branch_count_bucket=0,/home/berrais/stage/jsonschemabench/maskbench/data/Kubernetes---kb_0_Normalized.json,"{""nodeAffinity"": {""preferredDuringSchedulingIgnoredDuringExecution"": [{""preference"": {""matchExpressions"": [{""key"": ""kubernetes.io/hostname"", ""operator"": ""In"", ""values"": [""node1"", 123]}]}, ""weight"": 10}], ""requiredDuringSchedulingIgnoredDuringExecution"": {""n..."
combinators,branches_have_properties,false,Kubernetes---kb_1000_Normalized.json,Kubernetes---kb_1000_Normalized.json::test_00001,1,invalid,rejected,CORRECT_INVALID,branches_have_properties=false; numeric_boundary_case=not_applicable; numeric_target_type=absent; numeric_parent_keyword=absent; additionalProperties_value=absent; instance_has_unmatched_keys=false; instance_matching_pattern_keys_count=0; combinator_type=absent; combinator_branch_count_bucket=0; oneOf_satisfied_branch_count_bucket=0; anyOf_satisfied_branch_count_bucket=0,/home/berrais/stage/jsonschemabench/maskbench/data/Kubernetes---kb_1000_Normalized.json,"{""lastTransitionTime"": ""2022-01-01T12:00:00Z"", ""message"": 123, ""reason"": ""StatefulSetRunning"", ""status"": ""True"", ""type"": ""Available""}"
combinators,branches_have_properties,false,Kubernetes---kb_1000_Normalized.json,Kubernetes---kb_1000_Normalized.json::test_00003,3,invalid,rejected,CORRECT_INVALID,branches_have_properties=false; numeric_boundary_case=not_applicable; numeric_target_type=absent; numeric_parent_keyword=absent; additionalProperties_value=absent; instance_has_unmatched_keys=true; instance_matching_pattern_keys_count=0; combinator_type=absent; combinator_branch_count_bucket=0; oneOf_satisfied_branch_count_bucket=0; anyOf_satisfied_branch_count_bucket=0,/home/berrais/stage/jsonschemabench/maskbench/data/Kubernetes---kb_1000_Normalized.json,"{""lastTransitionTime"": ""2022-01-01T12:00:00Z"", ""message"": ""StatefulSet is running"", ""reason"": 12345, ""status"": ""True"", ""type"": ""Available"", ""type2"": ""Available2""}"
combinators,branches_have_required,false,Kubernetes---kb_0_Normalized.json,Kubernetes---kb_0_Normalized.json::test_00002,2,invalid,rejected,CORRECT_INVALID,branches_have_required=false; numeric_boundary_case=not_applicable; numeric_target_type=absent; numeric_parent_keyword=absent; additionalProperties_value=absent; instance_has_unmatched_keys=false; instance_matching_pattern_keys_count=0; combinator_type=absent; combinator_branch_count_bucket=0; oneOf_satisfied_branch_count_bucket=0; anyOf_satisfied_branch_count_bucket=0,/home/berrais/stage/jsonschemabench/maskbench/data/Kubernetes---kb_0_Normalized.json,"{""nodeAffinity"": {""preferredDuringSchedulingIgnoredDuringExecution"": [{""preference"": {""matchExpressions"": [{""key"": ""kubernetes.io/hostname"", ""operator"": ""In"", ""values"": [""node1"", 123]}]}, ""weight"": 10}], ""requiredDuringSchedulingIgnoredDuringExecution"": {""n..."
combinators,branches_have_required,false,Kubernetes---kb_1000_Normalized.json,Kubernetes---kb_1000_Normalized.json::test_00001,1,invalid,rejected,CORRECT_INVALID,branches_have_required=false; numeric_boundary_case=not_applicable; numeric_target_type=absent; numeric_parent_keyword=absent; additionalProperties_value=absent; instance_has_unmatched_keys=false; instance_matching_pattern_keys_count=0; combinator_type=absent; combinator_branch_count_bucket=0; oneOf_satisfied_branch_count_bucket=0; anyOf_satisfied_branch_count_bucket=0,/home/berrais/stage/jsonschemabench/maskbench/data/Kubernetes---kb_1000_Normalized.json,"{""lastTransitionTime"": ""2022-01-01T12:00:00Z"", ""message"": 123, ""reason"": ""StatefulSetRunning"", ""status"": ""True"", ""type"": ""Available""}"
combinators,branches_have_required,false,Kubernetes---kb_1000_Normalized.json,Kubernetes---kb_1000_Normalized.json::test_00003,3,invalid,rejected,CORRECT_INVALID,branches_have_required=false; numeric_boundary_case=not_applicable; numeric_target_type=absent; numeric_parent_keyword=absent; additionalProperties_value=absent; instance_has_unmatched_keys=true; instance_matching_pattern_keys_count=0; combinator_type=absent; combinator_branch_count_bucket=0; oneOf_satisfied_branch_count_bucket=0; anyOf_satisfied_branch_count_bucket=0,/home/berrais/stage/jsonschemabench/maskbench/data/Kubernetes---kb_1000_Normalized.json,"{""lastTransitionTime"": ""2022-01-01T12:00:00Z"", ""message"": ""StatefulSet is running"", ""reason"": 12345, ""status"": ""True"", ""type"": ""Available"", ""type2"": ""Available2""}"
combinators,branches_overlapping_properties,false,Kubernetes---kb_0_Normalized.json,Kubernetes---kb_0_Normalized.json::test_00002,2,invalid,rejected,CORRECT_INVALID,branches_overlapping_properties=false; numeric_boundary_case=not_applicable; numeric_target_type=absent; numeric_parent_keyword=absent; additionalProperties_value=absent; instance_has_unmatched_keys=false; instance_matching_pattern_keys_count=0; combinator_type=absent; combinator_branch_count_bucket=0; oneOf_satisfied_branch_count_bucket=0; anyOf_satisfied_branch_count_bucket=0,/home/berrais/stage/jsonschemabench/maskbench/data/Kubernetes---kb_0_Normalized.json,"{""nodeAffinity"": {""preferredDuringSchedulingIgnoredDuringExecution"": [{""preference"": {""matchExpressions"": [{""key"": ""kubernetes.io/hostname"", ""operator"": ""In"", ""values"": [""node1"", 123]}]}, ""weight"": 10}], ""requiredDuringSchedulingIgnoredDuringExecution"": {""n..."
combinators,branches_overlapping_properties,false,Kubernetes---kb_1000_Normalized.json,Kubernetes---kb_1000_Normalized.json::test_00001,1,invalid,rejected,CORRECT_INVALID,branches_overlapping_properties=false; numeric_boundary_case=not_applicable; numeric_target_type=absent; numeric_parent_keyword=absent; additionalProperties_value=absent; instance_has_unmatched_keys=false; instance_matching_pattern_keys_count=0; combinator_type=absent; combinator_branch_count_bucket=0; oneOf_satisfied_branch_count_bucket=0; anyOf_satisfied_branch_count_bucket=0,/home/berrais/stage/jsonschemabench/maskbench/data/Kubernetes---kb_1000_Normalized.json,"{""lastTransitionTime"": ""2022-01-01T12:00:00Z"", ""message"": 123, ""reason"": ""StatefulSetRunning"", ""status"": ""True"", ""type"": ""Available""}"
combinators,branches_overlapping_properties,false,Kubernetes---kb_1000_Normalized.json,Kubernetes---kb_1000_Normalized.json::test_00003,3,invalid,rejected,CORRECT_INVALID,branches_overlapping_properties=false; numeric_boundary_case=not_applicable; numeric_target_type=absent; numeric_parent_keyword=absent; additionalProperties_value=absent; instance_has_unmatched_keys=true; instance_matching_pattern_keys_count=0; combinator_type=absent; combinator_branch_count_bucket=0; oneOf_satisfied_branch_count_bucket=0; anyOf_satisfied_branch_count_bucket=0,/home/berrais/stage/jsonschemabench/maskbench/data/Kubernetes---kb_1000_Normalized.json,"{""lastTransitionTime"": ""2022-01-01T12:00:00Z"", ""message"": ""StatefulSet is running"", ""reason"": 12345, ""status"": ""True"", ""type"": ""Available"", ""type2"": ""Available2""}"
patternProperties,instance_has_unmatched_keys,true,Kubernetes---kb_1016_Normalized.json,Kubernetes---kb_1016_Normalized.json::test_00000,0,valid,rejected,OVER,instance_has_unmatched_keys=true; numeric_boundary_case=not_applicable; numeric_target_type=absent; numeric_parent_keyword=absent; additionalProperties_value=absent; instance_matching_pattern_keys_count=0; combinator_type=absent; combinator_branch_count_bucket=0; oneOf_satisfied_branch_count_bucket=0; anyOf_satisfied_branch_count_bucket=0,/home/berrais/stage/jsonschemabench/maskbench/data/Kubernetes---kb_1016_Normalized.json,"{""rollingUpdate "": {""partition"": 5}, ""type"": ""RollingUpdate""}"
patternProperties,instance_has_unmatched_keys,true,Kubernetes---kb_1019_Normalized.json,Kubernetes---kb_1019_Normalized.json::test_00000,0,valid,rejected,OVER,instance_has_unmatched_keys=true; numeric_boundary_case=not_applicable; numeric_target_type=absent; numeric_parent_keyword=absent; additionalProperties_value=absent; instance_matching_pattern_keys_count=0; combinator_type=absent; combinator_branch_count_bucket=0; oneOf_satisfied_branch_count_bucket=0; anyOf_satisfied_branch_count_bucket=0,/home/berrais/stage/jsonschemabench/maskbench/data/Kubernetes---kb_1019_Normalized.json,"{""rollingUpdate "": {""partition"": 1}, ""type"": ""RollingUpdate""}"
patternProperties,instance_has_unmatched_keys,true,Kubernetes---kb_101_Normalized.json,Kubernetes---kb_101_Normalized.json::test_00000,0,valid,rejected,OVER,instance_has_unmatched_keys=true; numeric_boundary_case=not_applicable; numeric_target_type=absent; numeric_parent_keyword=absent; additionalProperties_value=absent; instance_matching_pattern_keys_count=0; combinator_type=absent; combinator_branch_count_bucket=0; oneOf_satisfied_branch_count_bucket=0; anyOf_satisfied_branch_count_bucket=0,/home/berrais/stage/jsonschemabench/maskbench/data/Kubernetes---kb_101_Normalized.json,"{""apiVersion"": ""v1"", ""conditions "": [{""error"": """", ""message"": ""Component is healthy"", ""status"": ""True"", ""type"": ""Healthy""}], ""kind"": ""ComponentStatus"", ""metadata"": {""labels "": {""app"": ""example""}, ""name"": ""example-component"", ""namespace"": ""default""}}"
combinators,combinator_branch_count_bucket,0,Kubernetes---kb_1016_Normalized.json,Kubernetes---kb_1016_Normalized.json::test_00000,0,valid,rejected,OVER,combinator_branch_count_bucket=0; numeric_boundary_case=not_applicable; numeric_target_type=absent; numeric_parent_keyword=absent; additionalProperties_value=absent; instance_has_unmatched_keys=true; instance_matching_pattern_keys_count=0; combinator_type=absent; oneOf_satisfied_branch_count_bucket=0; anyOf_satisfied_branch_count_bucket=0,/home/berrais/stage/jsonschemabench/maskbench/data/Kubernetes---kb_1016_Normalized.json,"{""rollingUpdate "": {""partition"": 5}, ""type"": ""RollingUpdate""}"
combinators,combinator_branch_count_bucket,0,Kubernetes---kb_1019_Normalized.json,Kubernetes---kb_1019_Normalized.json::test_00000,0,valid,rejected,OVER,combinator_branch_count_bucket=0; numeric_boundary_case=not_applicable; numeric_target_type=absent; numeric_parent_keyword=absent; additionalProperties_value=absent; instance_has_unmatched_keys=true; instance_matching_pattern_keys_count=0; combinator_type=absent; oneOf_satisfied_branch_count_bucket=0; anyOf_satisfied_branch_count_bucket=0,/home/berrais/stage/jsonschemabench/maskbench/data/Kubernetes---kb_1019_Normalized.json,"{""rollingUpdate "": {""partition"": 1}, ""type"": ""RollingUpdate""}"
combinators,combinator_branch_count_bucket,0,Kubernetes---kb_101_Normalized.json,Kubernetes---kb_101_Normalized.json::test_00000,0,valid,rejected,OVER,combinator_branch_count_bucket=0; numeric_boundary_case=not_applicable; numeric_target_type=absent; numeric_parent_keyword=absent; additionalProperties_value=absent; instance_has_unmatched_keys=true; instance_matching_pattern_keys_count=0; combinator_type=absent; oneOf_satisfied_branch_count_bucket=0; anyOf_satisfied_branch_count_bucket=0,/home/berrais/stage/jsonschemabench/maskbench/data/Kubernetes---kb_101_Normalized.json,"{""apiVersion"": ""v1"", ""conditions "": [{""error"": """", ""message"": ""Component is healthy"", ""status"": ""True"", ""type"": ""Healthy""}], ""kind"": ""ComponentStatus"", ""metadata"": {""labels "": {""app"": ""example""}, ""name"": ""example-component"", ""namespace"": ""default""}}"
combinators,combinator_branch_count_bucket,0,Kubernetes---kb_0_Normalized.json,Kubernetes---kb_0_Normalized.json::test_00000,0,valid,accepted,CORRECT_VALID,combinator_branch_count_bucket=0; numeric_boundary_case=not_applicable; numeric_target_type=absent; numeric_parent_keyword=absent; additionalProperties_value=absent; instance_has_unmatched_keys=false; instance_matching_pattern_keys_count=0; combinator_type=absent; oneOf_satisfied_branch_count_bucket=0; anyOf_satisfied_branch_count_bucket=0,/home/berrais/stage/jsonschemabench/maskbench/data/Kubernetes---kb_0_Normalized.json,"{""nodeAffinity"": {""preferredDuringSchedulingIgnoredDuringExecution"": [{""preference"": {""matchExpressions"": [{""key"": ""kubernetes.io/hostname"", ""operator"": ""In"", ""values"": [""node1""]}]}, ""weight"": 10}], ""requiredDuringSchedulingIgnoredDuringExecution"": {""nodeSe..."
combinators,combinator_branch_count_bucket,0,Kubernetes---kb_0_Normalized.json,Kubernetes---kb_0_Normalized.json::test_00001,1,valid,accepted,CORRECT_VALID,combinator_branch_count_bucket=0; numeric_boundary_case=not_applicable; numeric_target_type=absent; numeric_parent_keyword=absent; additionalProperties_value=absent; instance_has_unmatched_keys=false; instance_matching_pattern_keys_count=0; combinator_type=absent; oneOf_satisfied_branch_count_bucket=0; anyOf_satisfied_branch_count_bucket=0,/home/berrais/stage/jsonschemabench/maskbench/data/Kubernetes---kb_0_Normalized.json,"{""nodeAffinity"": {""preferredDuringSchedulingIgnoredDuringExecution"": [{""preference"": {""matchExpressions"": [{""key"": ""kubernetes.io/hostname"", ""operator"": ""In"", ""values"": [""node1""]}]}, ""weight"": 10}], ""requiredDuringSchedulingIgnoredDuringExecution"": {""nodeSe..."
combinators,combinator_branch_count_bucket,0,Kubernetes---kb_1000_Normalized.json,Kubernetes---kb_1000_Normalized.json::test_00000,0,valid,accepted,CORRECT_VALID,combinator_branch_count_bucket=0; numeric_boundary_case=not_applicable; numeric_target_type=absent; numeric_parent_keyword=absent; additionalProperties_value=absent; instance_has_unmatched_keys=false; instance_matching_pattern_keys_count=0; combinator_type=absent; oneOf_satisfied_branch_count_bucket=0; anyOf_satisfied_branch_count_bucket=0,/home/berrais/stage/jsonschemabench/maskbench/data/Kubernetes---kb_1000_Normalized.json,"{""lastTransitionTime"": ""2022-01-01T12:00:00Z"", ""message"": ""StatefulSet is running"", ""reason"": ""StatefulSetRunning"", ""status"": ""True"", ""type"": ""Available""}"
combinators,combinator_type,absent,Kubernetes---kb_1016_Normalized.json,Kubernetes---kb_1016_Normalized.json::test_00000,0,valid,rejected,OVER,combinator_type=absent; numeric_boundary_case=not_applicable; numeric_target_type=absent; numeric_parent_keyword=absent; additionalProperties_value=absent; instance_has_unmatched_keys=true; instance_matching_pattern_keys_count=0; combinator_branch_count_bucket=0; oneOf_satisfied_branch_count_bucket=0; anyOf_satisfied_branch_count_bucket=0,/home/berrais/stage/jsonschemabench/maskbench/data/Kubernetes---kb_1016_Normalized.json,"{""rollingUpdate "": {""partition"": 5}, ""type"": ""RollingUpdate""}"
combinators,combinator_type,absent,Kubernetes---kb_1019_Normalized.json,Kubernetes---kb_1019_Normalized.json::test_00000,0,valid,rejected,OVER,combinator_type=absent; numeric_boundary_case=not_applicable; numeric_target_type=absent; numeric_parent_keyword=absent; additionalProperties_value=absent; instance_has_unmatched_keys=true; instance_matching_pattern_keys_count=0; combinator_branch_count_bucket=0; oneOf_satisfied_branch_count_bucket=0; anyOf_satisfied_branch_count_bucket=0,/home/berrais/stage/jsonschemabench/maskbench/data/Kubernetes---kb_1019_Normalized.json,"{""rollingUpdate "": {""partition"": 1}, ""type"": ""RollingUpdate""}"
combinators,combinator_type,absent,Kubernetes---kb_101_Normalized.json,Kubernetes---kb_101_Normalized.json::test_00000,0,valid,rejected,OVER,combinator_type=absent; numeric_boundary_case=not_applicable; numeric_target_type=absent; numeric_parent_keyword=absent; additionalProperties_value=absent; instance_has_unmatched_keys=true; instance_matching_pattern_keys_count=0; combinator_branch_count_bucket=0; oneOf_satisfied_branch_count_bucket=0; anyOf_satisfied_branch_count_bucket=0,/home/berrais/stage/jsonschemabench/maskbench/data/Kubernetes---kb_101_Normalized.json,"{""apiVersion"": ""v1"", ""conditions "": [{""error"": """", ""message"": ""Component is healthy"", ""status"": ""True"", ""type"": ""Healthy""}], ""kind"": ""ComponentStatus"", ""metadata"": {""labels "": {""app"": ""example""}, ""name"": ""example-component"", ""namespace"": ""default""}}"
combinators,combinator_type,absent,Kubernetes---kb_0_Normalized.json,Kubernetes---kb_0_Normalized.json::test_00000,0,valid,accepted,CORRECT_VALID,combinator_type=absent; numeric_boundary_case=not_applicable; numeric_target_type=absent; numeric_parent_keyword=absent; additionalProperties_value=absent; instance_has_unmatched_keys=false; instance_matching_pattern_keys_count=0; combinator_branch_count_bucket=0; oneOf_satisfied_branch_count_bucket=0; anyOf_satisfied_branch_count_bucket=0,/home/berrais/stage/jsonschemabench/maskbench/data/Kubernetes---kb_0_Normalized.json,"{""nodeAffinity"": {""preferredDuringSchedulingIgnoredDuringExecution"": [{""preference"": {""matchExpressions"": [{""key"": ""kubernetes.io/hostname"", ""operator"": ""In"", ""values"": [""node1""]}]}, ""weight"": 10}], ""requiredDuringSchedulingIgnoredDuringExecution"": {""nodeSe..."
combinators,combinator_type,absent,Kubernetes---kb_0_Normalized.json,Kubernetes---kb_0_Normalized.json::test_00001,1,valid,accepted,CORRECT_VALID,combinator_type=absent; numeric_boundary_case=not_applicable; numeric_target_type=absent; numeric_parent_keyword=absent; additionalProperties_value=absent; instance_has_unmatched_keys=false; instance_matching_pattern_keys_count=0; combinator_branch_count_bucket=0; oneOf_satisfied_branch_count_bucket=0; anyOf_satisfied_branch_count_bucket=0,/home/berrais/stage/jsonschemabench/maskbench/data/Kubernetes---kb_0_Normalized.json,"{""nodeAffinity"": {""preferredDuringSchedulingIgnoredDuringExecution"": [{""preference"": {""matchExpressions"": [{""key"": ""kubernetes.io/hostname"", ""operator"": ""In"", ""values"": [""node1""]}]}, ""weight"": 10}], ""requiredDuringSchedulingIgnoredDuringExecution"": {""nodeSe..."
combinators,combinator_type,absent,Kubernetes---kb_1000_Normalized.json,Kubernetes---kb_1000_Normalized.json::test_00000,0,valid,accepted,CORRECT_VALID,combinator_type=absent; numeric_boundary_case=not_applicable; numeric_target_type=absent; numeric_parent_keyword=absent; additionalProperties_value=absent; instance_has_unmatched_keys=false; instance_matching_pattern_keys_count=0; combinator_branch_count_bucket=0; oneOf_satisfied_branch_count_bucket=0; anyOf_satisfied_branch_count_bucket=0,/home/berrais/stage/jsonschemabench/maskbench/data/Kubernetes---kb_1000_Normalized.json,"{""lastTransitionTime"": ""2022-01-01T12:00:00Z"", ""message"": ""StatefulSet is running"", ""reason"": ""StatefulSetRunning"", ""status"": ""True"", ""type"": ""Available""}"
combinators,allOf_satisfied_branch_count_bucket,0,Kubernetes---kb_1016_Normalized.json,Kubernetes---kb_1016_Normalized.json::test_00000,0,valid,rejected,OVER,allOf_satisfied_branch_count_bucket=0; numeric_boundary_case=not_applicable; numeric_target_type=absent; numeric_parent_keyword=absent; additionalProperties_value=absent; instance_has_unmatched_keys=true; instance_matching_pattern_keys_count=0; combinator_type=absent; combinator_branch_count_bucket=0; oneOf_satisfied_branch_count_bucket=0; anyOf_satisfied_branch_count_bucket=0,/home/berrais/stage/jsonschemabench/maskbench/data/Kubernetes---kb_1016_Normalized.json,"{""rollingUpdate "": {""partition"": 5}, ""type"": ""RollingUpdate""}"
combinators,allOf_satisfied_branch_count_bucket,0,Kubernetes---kb_1019_Normalized.json,Kubernetes---kb_1019_Normalized.json::test_00000,0,valid,rejected,OVER,allOf_satisfied_branch_count_bucket=0; numeric_boundary_case=not_applicable; numeric_target_type=absent; numeric_parent_keyword=absent; additionalProperties_value=absent; instance_has_unmatched_keys=true; instance_matching_pattern_keys_count=0; combinator_type=absent; combinator_branch_count_bucket=0; oneOf_satisfied_branch_count_bucket=0; anyOf_satisfied_branch_count_bucket=0,/home/berrais/stage/jsonschemabench/maskbench/data/Kubernetes---kb_1019_Normalized.json,"{""rollingUpdate "": {""partition"": 1}, ""type"": ""RollingUpdate""}"
combinators,allOf_satisfied_branch_count_bucket,0,Kubernetes---kb_101_Normalized.json,Kubernetes---kb_101_Normalized.json::test_00000,0,valid,rejected,OVER,allOf_satisfied_branch_count_bucket=0; numeric_boundary_case=not_applicable; numeric_target_type=absent; numeric_parent_keyword=absent; additionalProperties_value=absent; instance_has_unmatched_keys=true; instance_matching_pattern_keys_count=0; combinator_type=absent; combinator_branch_count_bucket=0; oneOf_satisfied_branch_count_bucket=0; anyOf_satisfied_branch_count_bucket=0,/home/berrais/stage/jsonschemabench/maskbench/data/Kubernetes---kb_101_Normalized.json,"{""apiVersion"": ""v1"", ""conditions "": [{""error"": """", ""message"": ""Component is healthy"", ""status"": ""True"", ""type"": ""Healthy""}], ""kind"": ""ComponentStatus"", ""metadata"": {""labels "": {""app"": ""example""}, ""name"": ""example-component"", ""namespace"": ""default""}}"
combinators,allOf_satisfied_branch_count_bucket,0,Kubernetes---kb_0_Normalized.json,Kubernetes---kb_0_Normalized.json::test_00000,0,valid,accepted,CORRECT_VALID,allOf_satisfied_branch_count_bucket=0; numeric_boundary_case=not_applicable; numeric_target_type=absent; numeric_parent_keyword=absent; additionalProperties_value=absent; instance_has_unmatched_keys=false; instance_matching_pattern_keys_count=0; combinator_type=absent; combinator_branch_count_bucket=0; oneOf_satisfied_branch_count_bucket=0; anyOf_satisfied_branch_count_bucket=0,/home/berrais/stage/jsonschemabench/maskbench/data/Kubernetes---kb_0_Normalized.json,"{""nodeAffinity"": {""preferredDuringSchedulingIgnoredDuringExecution"": [{""preference"": {""matchExpressions"": [{""key"": ""kubernetes.io/hostname"", ""operator"": ""In"", ""values"": [""node1""]}]}, ""weight"": 10}], ""requiredDuringSchedulingIgnoredDuringExecution"": {""nodeSe..."
combinators,allOf_satisfied_branch_count_bucket,0,Kubernetes---kb_0_Normalized.json,Kubernetes---kb_0_Normalized.json::test_00001,1,valid,accepted,CORRECT_VALID,allOf_satisfied_branch_count_bucket=0; numeric_boundary_case=not_applicable; numeric_target_type=absent; numeric_parent_keyword=absent; additionalProperties_value=absent; instance_has_unmatched_keys=false; instance_matching_pattern_keys_count=0; combinator_type=absent; combinator_branch_count_bucket=0; oneOf_satisfied_branch_count_bucket=0; anyOf_satisfied_branch_count_bucket=0,/home/berrais/stage/jsonschemabench/maskbench/data/Kubernetes---kb_0_Normalized.json,"{""nodeAffinity"": {""preferredDuringSchedulingIgnoredDuringExecution"": [{""preference"": {""matchExpressions"": [{""key"": ""kubernetes.io/hostname"", ""operator"": ""In"", ""values"": [""node1""]}]}, ""weight"": 10}], ""requiredDuringSchedulingIgnoredDuringExecution"": {""nodeSe..."
combinators,allOf_satisfied_branch_count_bucket,0,Kubernetes---kb_1000_Normalized.json,Kubernetes---kb_1000_Normalized.json::test_00000,0,valid,accepted,CORRECT_VALID,allOf_satisfied_branch_count_bucket=0; numeric_boundary_case=not_applicable; numeric_target_type=absent; numeric_parent_keyword=absent; additionalProperties_value=absent; instance_has_unmatched_keys=false; instance_matching_pattern_keys_count=0; combinator_type=absent; combinator_branch_count_bucket=0; oneOf_satisfied_branch_count_bucket=0; anyOf_satisfied_branch_count_bucket=0,/home/berrais/stage/jsonschemabench/maskbench/data/Kubernetes---kb_1000_Normalized.json,"{""lastTransitionTime"": ""2022-01-01T12:00:00Z"", ""message"": ""StatefulSet is running"", ""reason"": ""StatefulSetRunning"", ""status"": ""True"", ""type"": ""Available""}"
combinators,allOf_satisfied_branch_ratio,absent,Kubernetes---kb_1016_Normalized.json,Kubernetes---kb_1016_Normalized.json::test_00000,0,valid,rejected,OVER,numeric_boundary_case=not_applicable; numeric_target_type=absent; numeric_parent_keyword=absent; additionalProperties_value=absent; instance_has_unmatched_keys=true; instance_matching_pattern_keys_count=0; combinator_type=absent; combinator_branch_count_bucket=0; oneOf_satisfied_branch_count_bucket=0; anyOf_satisfied_branch_count_bucket=0,/home/berrais/stage/jsonschemabench/maskbench/data/Kubernetes---kb_1016_Normalized.json,"{""rollingUpdate "": {""partition"": 5}, ""type"": ""RollingUpdate""}"
combinators,allOf_satisfied_branch_ratio,absent,Kubernetes---kb_1019_Normalized.json,Kubernetes---kb_1019_Normalized.json::test_00000,0,valid,rejected,OVER,numeric_boundary_case=not_applicable; numeric_target_type=absent; numeric_parent_keyword=absent; additionalProperties_value=absent; instance_has_unmatched_keys=true; instance_matching_pattern_keys_count=0; combinator_type=absent; combinator_branch_count_bucket=0; oneOf_satisfied_branch_count_bucket=0; anyOf_satisfied_branch_count_bucket=0,/home/berrais/stage/jsonschemabench/maskbench/data/Kubernetes---kb_1019_Normalized.json,"{""rollingUpdate "": {""partition"": 1}, ""type"": ""RollingUpdate""}"
combinators,allOf_satisfied_branch_ratio,absent,Kubernetes---kb_101_Normalized.json,Kubernetes---kb_101_Normalized.json::test_00000,0,valid,rejected,OVER,numeric_boundary_case=not_applicable; numeric_target_type=absent; numeric_parent_keyword=absent; additionalProperties_value=absent; instance_has_unmatched_keys=true; instance_matching_pattern_keys_count=0; combinator_type=absent; combinator_branch_count_bucket=0; oneOf_satisfied_branch_count_bucket=0; anyOf_satisfied_branch_count_bucket=0,/home/berrais/stage/jsonschemabench/maskbench/data/Kubernetes---kb_101_Normalized.json,"{""apiVersion"": ""v1"", ""conditions "": [{""error"": """", ""message"": ""Component is healthy"", ""status"": ""True"", ""type"": ""Healthy""}], ""kind"": ""ComponentStatus"", ""metadata"": {""labels "": {""app"": ""example""}, ""name"": ""example-component"", ""namespace"": ""default""}}"
combinators,allOf_satisfied_branch_ratio,absent,Kubernetes---kb_0_Normalized.json,Kubernetes---kb_0_Normalized.json::test_00000,0,valid,accepted,CORRECT_VALID,numeric_boundary_case=not_applicable; numeric_target_type=absent; numeric_parent_keyword=absent; additionalProperties_value=absent; instance_has_unmatched_keys=false; instance_matching_pattern_keys_count=0; combinator_type=absent; combinator_branch_count_bucket=0; oneOf_satisfied_branch_count_bucket=0; anyOf_satisfied_branch_count_bucket=0,/home/berrais/stage/jsonschemabench/maskbench/data/Kubernetes---kb_0_Normalized.json,"{""nodeAffinity"": {""preferredDuringSchedulingIgnoredDuringExecution"": [{""preference"": {""matchExpressions"": [{""key"": ""kubernetes.io/hostname"", ""operator"": ""In"", ""values"": [""node1""]}]}, ""weight"": 10}], ""requiredDuringSchedulingIgnoredDuringExecution"": {""nodeSe..."
combinators,allOf_satisfied_branch_ratio,absent,Kubernetes---kb_0_Normalized.json,Kubernetes---kb_0_Normalized.json::test_00001,1,valid,accepted,CORRECT_VALID,numeric_boundary_case=not_applicable; numeric_target_type=absent; numeric_parent_keyword=absent; additionalProperties_value=absent; instance_has_unmatched_keys=false; instance_matching_pattern_keys_count=0; combinator_type=absent; combinator_branch_count_bucket=0; oneOf_satisfied_branch_count_bucket=0; anyOf_satisfied_branch_count_bucket=0,/home/berrais/stage/jsonschemabench/maskbench/data/Kubernetes---kb_0_Normalized.json,"{""nodeAffinity"": {""preferredDuringSchedulingIgnoredDuringExecution"": [{""preference"": {""matchExpressions"": [{""key"": ""kubernetes.io/hostname"", ""operator"": ""In"", ""values"": [""node1""]}]}, ""weight"": 10}], ""requiredDuringSchedulingIgnoredDuringExecution"": {""nodeSe..."
combinators,allOf_satisfied_branch_ratio,absent,Kubernetes---kb_1000_Normalized.json,Kubernetes---kb_1000_Normalized.json::test_00000,0,valid,accepted,CORRECT_VALID,numeric_boundary_case=not_applicable; numeric_target_type=absent; numeric_parent_keyword=absent; additionalProperties_value=absent; instance_has_unmatched_keys=false; instance_matching_pattern_keys_count=0; combinator_type=absent; combinator_branch_count_bucket=0; oneOf_satisfied_branch_count_bucket=0; anyOf_satisfied_branch_count_bucket=0,/home/berrais/stage/jsonschemabench/maskbench/data/Kubernetes---kb_1000_Normalized.json,"{""lastTransitionTime"": ""2022-01-01T12:00:00Z"", ""message"": ""StatefulSet is running"", ""reason"": ""StatefulSetRunning"", ""status"": ""True"", ""type"": ""Available""}"
combinators,anyOf_satisfied_branch_count,0,Kubernetes---kb_1016_Normalized.json,Kubernetes---kb_1016_Normalized.json::test_00000,0,valid,rejected,OVER,anyOf_satisfied_branch_count=0; numeric_boundary_case=not_applicable; numeric_target_type=absent; numeric_parent_keyword=absent; additionalProperties_value=absent; instance_has_unmatched_keys=true; instance_matching_pattern_keys_count=0; combinator_type=absent; combinator_branch_count_bucket=0; oneOf_satisfied_branch_count_bucket=0; anyOf_satisfied_branch_count_bucket=0,/home/berrais/stage/jsonschemabench/maskbench/data/Kubernetes---kb_1016_Normalized.json,"{""rollingUpdate "": {""partition"": 5}, ""type"": ""RollingUpdate""}"
combinators,anyOf_satisfied_branch_count,0,Kubernetes---kb_1019_Normalized.json,Kubernetes---kb_1019_Normalized.json::test_00000,0,valid,rejected,OVER,anyOf_satisfied_branch_count=0; numeric_boundary_case=not_applicable; numeric_target_type=absent; numeric_parent_keyword=absent; additionalProperties_value=absent; instance_has_unmatched_keys=true; instance_matching_pattern_keys_count=0; combinator_type=absent; combinator_branch_count_bucket=0; oneOf_satisfied_branch_count_bucket=0; anyOf_satisfied_branch_count_bucket=0,/home/berrais/stage/jsonschemabench/maskbench/data/Kubernetes---kb_1019_Normalized.json,"{""rollingUpdate "": {""partition"": 1}, ""type"": ""RollingUpdate""}"
combinators,anyOf_satisfied_branch_count,0,Kubernetes---kb_101_Normalized.json,Kubernetes---kb_101_Normalized.json::test_00000,0,valid,rejected,OVER,anyOf_satisfied_branch_count=0; numeric_boundary_case=not_applicable; numeric_target_type=absent; numeric_parent_keyword=absent; additionalProperties_value=absent; instance_has_unmatched_keys=true; instance_matching_pattern_keys_count=0; combinator_type=absent; combinator_branch_count_bucket=0; oneOf_satisfied_branch_count_bucket=0; anyOf_satisfied_branch_count_bucket=0,/home/berrais/stage/jsonschemabench/maskbench/data/Kubernetes---kb_101_Normalized.json,"{""apiVersion"": ""v1"", ""conditions "": [{""error"": """", ""message"": ""Component is healthy"", ""status"": ""True"", ""type"": ""Healthy""}], ""kind"": ""ComponentStatus"", ""metadata"": {""labels "": {""app"": ""example""}, ""name"": ""example-component"", ""namespace"": ""default""}}"
combinators,anyOf_satisfied_branch_count,0,Kubernetes---kb_0_Normalized.json,Kubernetes---kb_0_Normalized.json::test_00000,0,valid,accepted,CORRECT_VALID,anyOf_satisfied_branch_count=0; numeric_boundary_case=not_applicable; numeric_target_type=absent; numeric_parent_keyword=absent; additionalProperties_value=absent; instance_has_unmatched_keys=false; instance_matching_pattern_keys_count=0; combinator_type=absent; combinator_branch_count_bucket=0; oneOf_satisfied_branch_count_bucket=0; anyOf_satisfied_branch_count_bucket=0,/home/berrais/stage/jsonschemabench/maskbench/data/Kubernetes---kb_0_Normalized.json,"{""nodeAffinity"": {""preferredDuringSchedulingIgnoredDuringExecution"": [{""preference"": {""matchExpressions"": [{""key"": ""kubernetes.io/hostname"", ""operator"": ""In"", ""values"": [""node1""]}]}, ""weight"": 10}], ""requiredDuringSchedulingIgnoredDuringExecution"": {""nodeSe..."
combinators,anyOf_satisfied_branch_count,0,Kubernetes---kb_0_Normalized.json,Kubernetes---kb_0_Normalized.json::test_00001,1,valid,accepted,CORRECT_VALID,anyOf_satisfied_branch_count=0; numeric_boundary_case=not_applicable; numeric_target_type=absent; numeric_parent_keyword=absent; additionalProperties_value=absent; instance_has_unmatched_keys=false; instance_matching_pattern_keys_count=0; combinator_type=absent; combinator_branch_count_bucket=0; oneOf_satisfied_branch_count_bucket=0; anyOf_satisfied_branch_count_bucket=0,/home/berrais/stage/jsonschemabench/maskbench/data/Kubernetes---kb_0_Normalized.json,"{""nodeAffinity"": {""preferredDuringSchedulingIgnoredDuringExecution"": [{""preference"": {""matchExpressions"": [{""key"": ""kubernetes.io/hostname"", ""operator"": ""In"", ""values"": [""node1""]}]}, ""weight"": 10}], ""requiredDuringSchedulingIgnoredDuringExecution"": {""nodeSe..."
combinators,anyOf_satisfied_branch_count,0,Kubernetes---kb_1000_Normalized.json,Kubernetes---kb_1000_Normalized.json::test_00000,0,valid,accepted,CORRECT_VALID,anyOf_satisfied_branch_count=0; numeric_boundary_case=not_applicable; numeric_target_type=absent; numeric_parent_keyword=absent; additionalProperties_value=absent; instance_has_unmatched_keys=false; instance_matching_pattern_keys_count=0; combinator_type=absent; combinator_branch_count_bucket=0; oneOf_satisfied_branch_count_bucket=0; anyOf_satisfied_branch_count_bucket=0,/home/berrais/stage/jsonschemabench/maskbench/data/Kubernetes---kb_1000_Normalized.json,"{""lastTransitionTime"": ""2022-01-01T12:00:00Z"", ""message"": ""StatefulSet is running"", ""reason"": ""StatefulSetRunning"", ""status"": ""True"", ""type"": ""Available""}"
combinators,anyOf_satisfied_branch_count_bucket,0,Kubernetes---kb_1016_Normalized.json,Kubernetes---kb_1016_Normalized.json::test_00000,0,valid,rejected,OVER,anyOf_satisfied_branch_count_bucket=0; numeric_boundary_case=not_applicable; numeric_target_type=absent; numeric_parent_keyword=absent; additionalProperties_value=absent; instance_has_unmatched_keys=true; instance_matching_pattern_keys_count=0; combinator_type=absent; combinator_branch_count_bucket=0; oneOf_satisfied_branch_count_bucket=0,/home/berrais/stage/jsonschemabench/maskbench/data/Kubernetes---kb_1016_Normalized.json,"{""rollingUpdate "": {""partition"": 5}, ""type"": ""RollingUpdate""}"
combinators,anyOf_satisfied_branch_count_bucket,0,Kubernetes---kb_1019_Normalized.json,Kubernetes---kb_1019_Normalized.json::test_00000,0,valid,rejected,OVER,anyOf_satisfied_branch_count_bucket=0; numeric_boundary_case=not_applicable; numeric_target_type=absent; numeric_parent_keyword=absent; additionalProperties_value=absent; instance_has_unmatched_keys=true; instance_matching_pattern_keys_count=0; combinator_type=absent; combinator_branch_count_bucket=0; oneOf_satisfied_branch_count_bucket=0,/home/berrais/stage/jsonschemabench/maskbench/data/Kubernetes---kb_1019_Normalized.json,"{""rollingUpdate "": {""partition"": 1}, ""type"": ""RollingUpdate""}"
combinators,anyOf_satisfied_branch_count_bucket,0,Kubernetes---kb_101_Normalized.json,Kubernetes---kb_101_Normalized.json::test_00000,0,valid,rejected,OVER,anyOf_satisfied_branch_count_bucket=0; numeric_boundary_case=not_applicable; numeric_target_type=absent; numeric_parent_keyword=absent; additionalProperties_value=absent; instance_has_unmatched_keys=true; instance_matching_pattern_keys_count=0; combinator_type=absent; combinator_branch_count_bucket=0; oneOf_satisfied_branch_count_bucket=0,/home/berrais/stage/jsonschemabench/maskbench/data/Kubernetes---kb_101_Normalized.json,"{""apiVersion"": ""v1"", ""conditions "": [{""error"": """", ""message"": ""Component is healthy"", ""status"": ""True"", ""type"": ""Healthy""}], ""kind"": ""ComponentStatus"", ""metadata"": {""labels "": {""app"": ""example""}, ""name"": ""example-component"", ""namespace"": ""default""}}"
combinators,anyOf_satisfied_branch_count_bucket,0,Kubernetes---kb_0_Normalized.json,Kubernetes---kb_0_Normalized.json::test_00000,0,valid,accepted,CORRECT_VALID,anyOf_satisfied_branch_count_bucket=0; numeric_boundary_case=not_applicable; numeric_target_type=absent; numeric_parent_keyword=absent; additionalProperties_value=absent; instance_has_unmatched_keys=false; instance_matching_pattern_keys_count=0; combinator_type=absent; combinator_branch_count_bucket=0; oneOf_satisfied_branch_count_bucket=0,/home/berrais/stage/jsonschemabench/maskbench/data/Kubernetes---kb_0_Normalized.json,"{""nodeAffinity"": {""preferredDuringSchedulingIgnoredDuringExecution"": [{""preference"": {""matchExpressions"": [{""key"": ""kubernetes.io/hostname"", ""operator"": ""In"", ""values"": [""node1""]}]}, ""weight"": 10}], ""requiredDuringSchedulingIgnoredDuringExecution"": {""nodeSe..."
combinators,anyOf_satisfied_branch_count_bucket,0,Kubernetes---kb_0_Normalized.json,Kubernetes---kb_0_Normalized.json::test_00001,1,valid,accepted,CORRECT_VALID,anyOf_satisfied_branch_count_bucket=0; numeric_boundary_case=not_applicable; numeric_target_type=absent; numeric_parent_keyword=absent; additionalProperties_value=absent; instance_has_unmatched_keys=false; instance_matching_pattern_keys_count=0; combinator_type=absent; combinator_branch_count_bucket=0; oneOf_satisfied_branch_count_bucket=0,/home/berrais/stage/jsonschemabench/maskbench/data/Kubernetes---kb_0_Normalized.json,"{""nodeAffinity"": {""preferredDuringSchedulingIgnoredDuringExecution"": [{""preference"": {""matchExpressions"": [{""key"": ""kubernetes.io/hostname"", ""operator"": ""In"", ""values"": [""node1""]}]}, ""weight"": 10}], ""requiredDuringSchedulingIgnoredDuringExecution"": {""nodeSe..."
combinators,anyOf_satisfied_branch_count_bucket,0,Kubernetes---kb_1000_Normalized.json,Kubernetes---kb_1000_Normalized.json::test_00000,0,valid,accepted,CORRECT_VALID,anyOf_satisfied_branch_count_bucket=0; numeric_boundary_case=not_applicable; numeric_target_type=absent; numeric_parent_keyword=absent; additionalProperties_value=absent; instance_has_unmatched_keys=false; instance_matching_pattern_keys_count=0; combinator_type=absent; combinator_branch_count_bucket=0; oneOf_satisfied_branch_count_bucket=0,/home/berrais/stage/jsonschemabench/maskbench/data/Kubernetes---kb_1000_Normalized.json,"{""lastTransitionTime"": ""2022-01-01T12:00:00Z"", ""message"": ""StatefulSet is running"", ""reason"": ""StatefulSetRunning"", ""status"": ""True"", ""type"": ""Available""}"
combinators,branches_conflicting_types,false,Kubernetes---kb_1016_Normalized.json,Kubernetes---kb_1016_Normalized.json::test_00000,0,valid,rejected,OVER,branches_conflicting_types=false; numeric_boundary_case=not_applicable; numeric_target_type=absent; numeric_parent_keyword=absent; additionalProperties_value=absent; instance_has_unmatched_keys=true; instance_matching_pattern_keys_count=0; combinator_type=absent; combinator_branch_count_bucket=0; oneOf_satisfied_branch_count_bucket=0; anyOf_satisfied_branch_count_bucket=0,/home/berrais/stage/jsonschemabench/maskbench/data/Kubernetes---kb_1016_Normalized.json,"{""rollingUpdate "": {""partition"": 5}, ""type"": ""RollingUpdate""}"
combinators,branches_conflicting_types,false,Kubernetes---kb_1019_Normalized.json,Kubernetes---kb_1019_Normalized.json::test_00000,0,valid,rejected,OVER,branches_conflicting_types=false; numeric_boundary_case=not_applicable; numeric_target_type=absent; numeric_parent_keyword=absent; additionalProperties_value=absent; instance_has_unmatched_keys=true; instance_matching_pattern_keys_count=0; combinator_type=absent; combinator_branch_count_bucket=0; oneOf_satisfied_branch_count_bucket=0; anyOf_satisfied_branch_count_bucket=0,/home/berrais/stage/jsonschemabench/maskbench/data/Kubernetes---kb_1019_Normalized.json,"{""rollingUpdate "": {""partition"": 1}, ""type"": ""RollingUpdate""}"
combinators,branches_conflicting_types,false,Kubernetes---kb_101_Normalized.json,Kubernetes---kb_101_Normalized.json::test_00000,0,valid,rejected,OVER,branches_conflicting_types=false; numeric_boundary_case=not_applicable; numeric_target_type=absent; numeric_parent_keyword=absent; additionalProperties_value=absent; instance_has_unmatched_keys=true; instance_matching_pattern_keys_count=0; combinator_type=absent; combinator_branch_count_bucket=0; oneOf_satisfied_branch_count_bucket=0; anyOf_satisfied_branch_count_bucket=0,/home/berrais/stage/jsonschemabench/maskbench/data/Kubernetes---kb_101_Normalized.json,"{""apiVersion"": ""v1"", ""conditions "": [{""error"": """", ""message"": ""Component is healthy"", ""status"": ""True"", ""type"": ""Healthy""}], ""kind"": ""ComponentStatus"", ""metadata"": {""labels "": {""app"": ""example""}, ""name"": ""example-component"", ""namespace"": ""default""}}"
combinators,branches_conflicting_types,false,Kubernetes---kb_0_Normalized.json,Kubernetes---kb_0_Normalized.json::test_00000,0,valid,accepted,CORRECT_VALID,branches_conflicting_types=false; numeric_boundary_case=not_applicable; numeric_target_type=absent; numeric_parent_keyword=absent; additionalProperties_value=absent; instance_has_unmatched_keys=false; instance_matching_pattern_keys_count=0; combinator_type=absent; combinator_branch_count_bucket=0; oneOf_satisfied_branch_count_bucket=0; anyOf_satisfied_branch_count_bucket=0,/home/berrais/stage/jsonschemabench/maskbench/data/Kubernetes---kb_0_Normalized.json,"{""nodeAffinity"": {""preferredDuringSchedulingIgnoredDuringExecution"": [{""preference"": {""matchExpressions"": [{""key"": ""kubernetes.io/hostname"", ""operator"": ""In"", ""values"": [""node1""]}]}, ""weight"": 10}], ""requiredDuringSchedulingIgnoredDuringExecution"": {""nodeSe..."
combinators,branches_conflicting_types,false,Kubernetes---kb_0_Normalized.json,Kubernetes---kb_0_Normalized.json::test_00001,1,valid,accepted,CORRECT_VALID,branches_conflicting_types=false; numeric_boundary_case=not_applicable; numeric_target_type=absent; numeric_parent_keyword=absent; additionalProperties_value=absent; instance_has_unmatched_keys=false; instance_matching_pattern_keys_count=0; combinator_type=absent; combinator_branch_count_bucket=0; oneOf_satisfied_branch_count_bucket=0; anyOf_satisfied_branch_count_bucket=0,/home/berrais/stage/jsonschemabench/maskbench/data/Kubernetes---kb_0_Normalized.json,"{""nodeAffinity"": {""preferredDuringSchedulingIgnoredDuringExecution"": [{""preference"": {""matchExpressions"": [{""key"": ""kubernetes.io/hostname"", ""operator"": ""In"", ""values"": [""node1""]}]}, ""weight"": 10}], ""requiredDuringSchedulingIgnoredDuringExecution"": {""nodeSe..."
combinators,branches_conflicting_types,false,Kubernetes---kb_1000_Normalized.json,Kubernetes---kb_1000_Normalized.json::test_00000,0,valid,accepted,CORRECT_VALID,branches_conflicting_types=false; numeric_boundary_case=not_applicable; numeric_target_type=absent; numeric_parent_keyword=absent; additionalProperties_value=absent; instance_has_unmatched_keys=false; instance_matching_pattern_keys_count=0; combinator_type=absent; combinator_branch_count_bucket=0; oneOf_satisfied_branch_count_bucket=0; anyOf_satisfied_branch_count_bucket=0,/home/berrais/stage/jsonschemabench/maskbench/data/Kubernetes---kb_1000_Normalized.json,"{""lastTransitionTime"": ""2022-01-01T12:00:00Z"", ""message"": ""StatefulSet is running"", ""reason"": ""StatefulSetRunning"", ""status"": ""True"", ""type"": ""Available""}"
combinators,branches_have_enum,false,Kubernetes---kb_1016_Normalized.json,Kubernetes---kb_1016_Normalized.json::test_00000,0,valid,rejected,OVER,branches_have_enum=false; numeric_boundary_case=not_applicable; numeric_target_type=absent; numeric_parent_keyword=absent; additionalProperties_value=absent; instance_has_unmatched_keys=true; instance_matching_pattern_keys_count=0; combinator_type=absent; combinator_branch_count_bucket=0; oneOf_satisfied_branch_count_bucket=0; anyOf_satisfied_branch_count_bucket=0,/home/berrais/stage/jsonschemabench/maskbench/data/Kubernetes---kb_1016_Normalized.json,"{""rollingUpdate "": {""partition"": 5}, ""type"": ""RollingUpdate""}"
combinators,branches_have_enum,false,Kubernetes---kb_1019_Normalized.json,Kubernetes---kb_1019_Normalized.json::test_00000,0,valid,rejected,OVER,branches_have_enum=false; numeric_boundary_case=not_applicable; numeric_target_type=absent; numeric_parent_keyword=absent; additionalProperties_value=absent; instance_has_unmatched_keys=true; instance_matching_pattern_keys_count=0; combinator_type=absent; combinator_branch_count_bucket=0; oneOf_satisfied_branch_count_bucket=0; anyOf_satisfied_branch_count_bucket=0,/home/berrais/stage/jsonschemabench/maskbench/data/Kubernetes---kb_1019_Normalized.json,"{""rollingUpdate "": {""partition"": 1}, ""type"": ""RollingUpdate""}"
combinators,branches_have_enum,false,Kubernetes---kb_101_Normalized.json,Kubernetes---kb_101_Normalized.json::test_00000,0,valid,rejected,OVER,branches_have_enum=false; numeric_boundary_case=not_applicable; numeric_target_type=absent; numeric_parent_keyword=absent; additionalProperties_value=absent; instance_has_unmatched_keys=true; instance_matching_pattern_keys_count=0; combinator_type=absent; combinator_branch_count_bucket=0; oneOf_satisfied_branch_count_bucket=0; anyOf_satisfied_branch_count_bucket=0,/home/berrais/stage/jsonschemabench/maskbench/data/Kubernetes---kb_101_Normalized.json,"{""apiVersion"": ""v1"", ""conditions "": [{""error"": """", ""message"": ""Component is healthy"", ""status"": ""True"", ""type"": ""Healthy""}], ""kind"": ""ComponentStatus"", ""metadata"": {""labels "": {""app"": ""example""}, ""name"": ""example-component"", ""namespace"": ""default""}}"
combinators,branches_have_enum,false,Kubernetes---kb_0_Normalized.json,Kubernetes---kb_0_Normalized.json::test_00000,0,valid,accepted,CORRECT_VALID,branches_have_enum=false; numeric_boundary_case=not_applicable; numeric_target_type=absent; numeric_parent_keyword=absent; additionalProperties_value=absent; instance_has_unmatched_keys=false; instance_matching_pattern_keys_count=0; combinator_type=absent; combinator_branch_count_bucket=0; oneOf_satisfied_branch_count_bucket=0; anyOf_satisfied_branch_count_bucket=0,/home/berrais/stage/jsonschemabench/maskbench/data/Kubernetes---kb_0_Normalized.json,"{""nodeAffinity"": {""preferredDuringSchedulingIgnoredDuringExecution"": [{""preference"": {""matchExpressions"": [{""key"": ""kubernetes.io/hostname"", ""operator"": ""In"", ""values"": [""node1""]}]}, ""weight"": 10}], ""requiredDuringSchedulingIgnoredDuringExecution"": {""nodeSe..."
combinators,branches_have_enum,false,Kubernetes---kb_0_Normalized.json,Kubernetes---kb_0_Normalized.json::test_00001,1,valid,accepted,CORRECT_VALID,branches_have_enum=false; numeric_boundary_case=not_applicable; numeric_target_type=absent; numeric_parent_keyword=absent; additionalProperties_value=absent; instance_has_unmatched_keys=false; instance_matching_pattern_keys_count=0; combinator_type=absent; combinator_branch_count_bucket=0; oneOf_satisfied_branch_count_bucket=0; anyOf_satisfied_branch_count_bucket=0,/home/berrais/stage/jsonschemabench/maskbench/data/Kubernetes---kb_0_Normalized.json,"{""nodeAffinity"": {""preferredDuringSchedulingIgnoredDuringExecution"": [{""preference"": {""matchExpressions"": [{""key"": ""kubernetes.io/hostname"", ""operator"": ""In"", ""values"": [""node1""]}]}, ""weight"": 10}], ""requiredDuringSchedulingIgnoredDuringExecution"": {""nodeSe..."
combinators,branches_have_enum,false,Kubernetes---kb_1000_Normalized.json,Kubernetes---kb_1000_Normalized.json::test_00000,0,valid,accepted,CORRECT_VALID,branches_have_enum=false; numeric_boundary_case=not_applicable; numeric_target_type=absent; numeric_parent_keyword=absent; additionalProperties_value=absent; instance_has_unmatched_keys=false; instance_matching_pattern_keys_count=0; combinator_type=absent; combinator_branch_count_bucket=0; oneOf_satisfied_branch_count_bucket=0; anyOf_satisfied_branch_count_bucket=0,/home/berrais/stage/jsonschemabench/maskbench/data/Kubernetes---kb_1000_Normalized.json,"{""lastTransitionTime"": ""2022-01-01T12:00:00Z"", ""message"": ""StatefulSet is running"", ""reason"": ""StatefulSetRunning"", ""status"": ""True"", ""type"": ""Available""}"
combinators,branches_have_not,false,Kubernetes---kb_1016_Normalized.json,Kubernetes---kb_1016_Normalized.json::test_00000,0,valid,rejected,OVER,branches_have_not=false; numeric_boundary_case=not_applicable; numeric_target_type=absent; numeric_parent_keyword=absent; additionalProperties_value=absent; instance_has_unmatched_keys=true; instance_matching_pattern_keys_count=0; combinator_type=absent; combinator_branch_count_bucket=0; oneOf_satisfied_branch_count_bucket=0; anyOf_satisfied_branch_count_bucket=0,/home/berrais/stage/jsonschemabench/maskbench/data/Kubernetes---kb_1016_Normalized.json,"{""rollingUpdate "": {""partition"": 5}, ""type"": ""RollingUpdate""}"
combinators,branches_have_not,false,Kubernetes---kb_1019_Normalized.json,Kubernetes---kb_1019_Normalized.json::test_00000,0,valid,rejected,OVER,branches_have_not=false; numeric_boundary_case=not_applicable; numeric_target_type=absent; numeric_parent_keyword=absent; additionalProperties_value=absent; instance_has_unmatched_keys=true; instance_matching_pattern_keys_count=0; combinator_type=absent; combinator_branch_count_bucket=0; oneOf_satisfied_branch_count_bucket=0; anyOf_satisfied_branch_count_bucket=0,/home/berrais/stage/jsonschemabench/maskbench/data/Kubernetes---kb_1019_Normalized.json,"{""rollingUpdate "": {""partition"": 1}, ""type"": ""RollingUpdate""}"
combinators,branches_have_not,false,Kubernetes---kb_101_Normalized.json,Kubernetes---kb_101_Normalized.json::test_00000,0,valid,rejected,OVER,branches_have_not=false; numeric_boundary_case=not_applicable; numeric_target_type=absent; numeric_parent_keyword=absent; additionalProperties_value=absent; instance_has_unmatched_keys=true; instance_matching_pattern_keys_count=0; combinator_type=absent; combinator_branch_count_bucket=0; oneOf_satisfied_branch_count_bucket=0; anyOf_satisfied_branch_count_bucket=0,/home/berrais/stage/jsonschemabench/maskbench/data/Kubernetes---kb_101_Normalized.json,"{""apiVersion"": ""v1"", ""conditions "": [{""error"": """", ""message"": ""Component is healthy"", ""status"": ""True"", ""type"": ""Healthy""}], ""kind"": ""ComponentStatus"", ""metadata"": {""labels "": {""app"": ""example""}, ""name"": ""example-component"", ""namespace"": ""default""}}"
combinators,branches_have_not,false,Kubernetes---kb_0_Normalized.json,Kubernetes---kb_0_Normalized.json::test_00000,0,valid,accepted,CORRECT_VALID,branches_have_not=false; numeric_boundary_case=not_applicable; numeric_target_type=absent; numeric_parent_keyword=absent; additionalProperties_value=absent; instance_has_unmatched_keys=false; instance_matching_pattern_keys_count=0; combinator_type=absent; combinator_branch_count_bucket=0; oneOf_satisfied_branch_count_bucket=0; anyOf_satisfied_branch_count_bucket=0,/home/berrais/stage/jsonschemabench/maskbench/data/Kubernetes---kb_0_Normalized.json,"{""nodeAffinity"": {""preferredDuringSchedulingIgnoredDuringExecution"": [{""preference"": {""matchExpressions"": [{""key"": ""kubernetes.io/hostname"", ""operator"": ""In"", ""values"": [""node1""]}]}, ""weight"": 10}], ""requiredDuringSchedulingIgnoredDuringExecution"": {""nodeSe..."
combinators,branches_have_not,false,Kubernetes---kb_0_Normalized.json,Kubernetes---kb_0_Normalized.json::test_00001,1,valid,accepted,CORRECT_VALID,branches_have_not=false; numeric_boundary_case=not_applicable; numeric_target_type=absent; numeric_parent_keyword=absent; additionalProperties_value=absent; instance_has_unmatched_keys=false; instance_matching_pattern_keys_count=0; combinator_type=absent; combinator_branch_count_bucket=0; oneOf_satisfied_branch_count_bucket=0; anyOf_satisfied_branch_count_bucket=0,/home/berrais/stage/jsonschemabench/maskbench/data/Kubernetes---kb_0_Normalized.json,"{""nodeAffinity"": {""preferredDuringSchedulingIgnoredDuringExecution"": [{""preference"": {""matchExpressions"": [{""key"": ""kubernetes.io/hostname"", ""operator"": ""In"", ""values"": [""node1""]}]}, ""weight"": 10}], ""requiredDuringSchedulingIgnoredDuringExecution"": {""nodeSe..."
combinators,branches_have_not,false,Kubernetes---kb_1000_Normalized.json,Kubernetes---kb_1000_Normalized.json::test_00000,0,valid,accepted,CORRECT_VALID,branches_have_not=false; numeric_boundary_case=not_applicable; numeric_target_type=absent; numeric_parent_keyword=absent; additionalProperties_value=absent; instance_has_unmatched_keys=false; instance_matching_pattern_keys_count=0; combinator_type=absent; combinator_branch_count_bucket=0; oneOf_satisfied_branch_count_bucket=0; anyOf_satisfied_branch_count_bucket=0,/home/berrais/stage/jsonschemabench/maskbench/data/Kubernetes---kb_1000_Normalized.json,"{""lastTransitionTime"": ""2022-01-01T12:00:00Z"", ""message"": ""StatefulSet is running"", ""reason"": ""StatefulSetRunning"", ""status"": ""True"", ""type"": ""Available""}"
